Hanzi 汉字,Pinyin 拼音,Meaning
挨,āi,get close to; in sequence
癌症,áizhèng,cancer
爱不释手,àibúshìshǒu,love something too much to part with it
爱戴,àidài,love and respect
暧昧,àimèi,ambiguous; shady
安宁,ānníng,peaceful; calm; tranquil; composed
安详,ānxiáng,serene; composed
安置,ānzhì,find a place for; help settle down; arrange for
按摩,ànmó,massage
案件,ànjiàn,legal case; judicial case
案例,ànlì,(Law) case
暗示,ànshì,drop a hint; suggest
昂贵,ángguì,expensive; costly
凹凸,āotū,(of a surface) uneven; bumpy
熬,áo,endure; to boil
奥秘,àomì,mystery; enigma; profound; deep
巴不得,bābùdé,eagerly look forward to; earnestly wish; be only too anxious to
巴结,bājie,to fawn on; curry favor with
扒,bā,dig up; pull down; take off
疤,bā,scar
拔苗助长,bámiáozhùzhǎng,(literally) help shoots grow by pulling them out; spoil things by excessive enthusiasm
把关,bǎ guān,guard a pass; check on
把手,bǎshou,knob; handle; grip
罢工,bà gōng,to strike; go on strike
霸道,bàdào,overbearing; despotic hegemony; rule by force; (of liquor; medicine; etc.) strong
掰,bāi,break with both hands
摆脱,bǎituō,break away; free oneself from; cast off
败坏,bàihuài,ruin; corrupt; undermine
拜访,bàifǎng,pay a visit; call on
拜年,bài nián,congratulate the New Year; wish sb. a Happy New Year
拜托,bàituō,ask a favor; request; please!
颁布,bānbù,promulgate; to issue; publish (e.g a decree)
颁发,bānfā,issue; promulgate; award
斑,bān,variety; speckled; spot; colored patch; stripe
版本,bǎnběn,edition
半途而废,bàn tú ér fèi,give up halfway; leave sth. unfinished
扮演,bànyǎn,play the part of; act
伴侣,bànlǚ,companion; partner; mate
伴随,bànsuí,accompany; go with; follow
绑架,bǎngjià,kidnap; staking
榜样,bǎngyàng,example; model
磅,bàng,pound; weigh; scale
包庇,bāobì,to shield; to harbor; cover up
包袱,bāofu,bundle wrapped in cloth; cloth-wrapper
包围,bāowéi,surround; encircle; hem in
包装,bāozhuāng,to pack; package; make up
饱和,bǎohé,saturation
饱经沧桑,bǎojīngcāngsāng,experienced many changes
保管,bǎoguǎn,assure; take care of; surely
保密,bǎo mì,keep secret/confidential
保姆,bǎomǔ,nanny; housekeeper
保守,bǎoshǒu,conservative (ideas; estimates; politically; etc.); to guard; to keep
保卫,bǎowèi,defend; to safeguard
保养,bǎoyǎng,take good care of (or conserve) one's health; keep in good repair
保障,bǎozhàng,ensure; to guarantee; protect
保重,bǎozhòng,take care (of oneself)
报仇,bàochóu,retaliate; to revenge; avenge
报酬,bàochou,reward; remuneration
报答,bàodá,repay; requite
报复,bàofu,retaliate; revenge
报警,bàojǐng,report (an incident) to the police
报销,bàoxiāo,submit an expense account; apply for reimbursement; write off
抱负,bàofù,aspiration; ambition
暴力,bàolì,violence; (use) force
暴露,bàolù,expose; reveal; lay bare
曝光,bàoguāng,to expose; to make public
爆发,bàofā,break out; erupt; explode
爆炸,bàozhà,explode; explosion; blow up
卑鄙,bēibǐ,base; mean; despicable; contemptible; unprincipled
悲哀,bēi'āi,grieved; sorrowful; sad
悲惨,bēicǎn,miserable; tragic
北极,běijí,the North Pole
贝壳,bèiké,shell; conch; cowry
备份,bèifèn,to back up; a backup
备忘录,bèiwànglù,memorandum; aide-memoire; diplomacy memorandum; memorandum book
背叛,bèipàn,betray; forsake
背诵,bèisòng,recite
被动,bèidòng,passive
被告,bèigào,defendant
奔波,bēnbō,rush about; be busy running about
奔驰,bēnchí,run quickly; speed; Mercedes-Benz (German vehicle manufacturer)
本能,běnnéng,instinct
本钱,běnqián,capital (financial)
本人,běnrén,I; me; myself; oneself; in person
本身,běnshēn,itself; in itself; per se
本事,běnshi,ability; skill; capability; (-shì: this matter; literary source)
笨拙,bènzhuō,clumsy; awkward; stupid
崩溃,bēngkuì,collapse; crumble; fall apart
甭,béng,need not; (contraction of 不 and 用)
迸发,bèngfā,burst forth; burst out
蹦,bèng,jump; bounce; hop
逼迫,bīpò,to force; compel; coerce
鼻涕,bítì,nasal mucus; snivel
比方,bǐfang,instance; analogy; example
比喻,bǐyù,metaphor; analogy; figure of speech
比重,bǐzhòng,proportion; specific gravity
鄙视,bǐshì,despise; disdain; look down upon
闭塞,bìsè,stop up; shelter from; hard to get to; unenlightened
弊病,bìbìng,malady; evil; malpractice; drawback
弊端,bìduān,malpractice; abuse; corrupt practice
臂,bì,arm
边疆,biānjiāng,border area; borderland; frontier; frontier region
边界,biānjiè,boundary; border
边境,biānjìng,frontier
边缘,biānyuán,edge; fringe; verge; brink
编织,biānzhī,to weave; to knit; to plait; to braid; to crochet
鞭策,biāncè,spur on; urge on
贬低,biǎndī,to belittle; depreciate; disparage
贬义,biǎnyì,negative connotation; derogatory sense
扁,biǎn,flat
变故,biàngù,unforeseen event; accident
变迁,biànqiān,changes; vicissitude
变质,biàn zhì,go bad; deteriorate; metamorphism
便利,biànlì,convenient; easy; facilitate
便条,biàntiáo,informal note
便于,biànyú,be easy; be convenient for
遍布,biànbù,to cover the whole (area); found everywhere; spread all over
辨认,biànrèn,distinguish; identify; recognize
辩护,biànhù,speak in defense of; argue in favor of; defend
辩解,biànjiě,explain; justify; defend (a point of view; etc.)
辩证,biànzhèng,investigate; dialectical
辫子,biànzi,plait; braid; pigtail
标本,biāoběn,specimen; sample; the root cause and symptoms of a disease
标记,biāojì,sign; mark; symbol
标题,biāotí,title; header; headline; caption
表决,biǎojué,decide by vote; vote
表态,biǎotài,make known one's position; declare where one stands
表彰,biǎozhāng,cite (in dispatches); commend
憋,biē,hold in (urine); hold (breath); choke
别墅,biéshù,villa
别致,biézhì,unique; unconventional; fancy
别扭,bièniu,awkward; unnatural
濒临,bīnlín,on the verge of
冰雹,bīngbáo,hail
丙,bǐng,bright; fire (3rd Heavenly Stem)
并非,bìngfēi,really isn't
并列,bìngliè,stand side by side; be juxtaposed
拨,bō,to dial; move with a hand/foot; stir; poke; allocate (money)
波浪,bōlàng,wave
波涛,bōtāo,great waves; billows
剥削,bōxuē,to exploit
播种,bōzhǒng,sow seeds; sowing; seed
伯母,bómǔ,aunt; wife of father's older brother
博大精深,bódàjīngshēn,broad and profound
博览会,bólǎnhuì,(international) exhibition
搏斗,bódòu,fight; struggle; wrestle
薄弱,bóruò,weak; frail
补偿,bǔcháng,compensation; make up
补救,bǔjiù,remedy; repair
补贴,bǔtiē,subsidy; allowance
捕捉,bǔzhuō,catch; to seize
哺乳,bǔrǔ,breast-feeding; to suckle
不得已,bùdéyǐ,act against one's will; have no alternative
不妨,bùfáng,there is no harm in; might as well
不敢当,bù gǎndāng,(literally) I dare not accept the honor; you flatter me
不顾,búgù,in spite of; regardless of; to disregard
不禁,bùjīn,cannot help; can't refrain from
不堪,bùkān,cannot bear/stand; utterly
不可思议,bùkěsīyì,unimaginable; inconceivable
不愧,búkuì,be worthy of; deserve to be called; prove oneself to be
不料,búliào,unexpectedly; to one's surprise
不免,bùmiǎn,unavoidable
不时,bùshí,frequently; often; at any time
不惜,bùxī,to not hesitate; not spare
不相上下,bù xiāng shàng xià,equally matched; about the same
不像话,búxiànghuà,unreasonable; absurd; outrageous
不屑一顾,búxièyígù,not worth seeing; disdain as beneath contempt
不言而喻,bùyán'éryù,it goes without saying; it is self-evident
不由得,bùyóude,can't help; cannot but
不择手段,bùzéshǒuduàn,by fair means or foul
不止,bùzhǐ,incessantly; more than
布告,bùgào,notice; bulletin
布局,bùjú,arrangement; composition; layout
布置,bùzhì,arrange; decorate; decoration
步伐,bùfá,pace; (measured) step; march
部署,bùshǔ,dispose; deploy
部位,bùwèi,position; place
才干,cáigàn,ability; competence
财富,cáifù,wealth; riches; fortune
财务,cáiwù,financial affairs
财政,cáizhèng,public finances; financial
裁缝,cáifeng,tailor; dressmaker
裁判,cáipàn,judge; to referee; judgment
裁员,cáiyuán,cut staff; lay off employees
采购,cǎigòu,make purchases for an organization; go shopping
采集,cǎijí,gather; collect
采纳,cǎinà,accept; adopt
彩票,cǎipiào,lottery; lottery ticket
参谋,cānmóu,advisor; give advice
参照,cānzhào,consult a reference; refer to (another document)
残疾,cánji,deformity; handicapped; crippled
残酷,cánkù,cruel
残留,cánliú,to remain; be left over; surplus; remnant
残忍,cánrěn,brutal; bloody; merciless
灿烂,cànlàn,to glitter; brilliant; splendid
仓促,cāngcù,hurried
仓库,cāngkù,depot; storehouse; warehouse
苍白,cāngbái,pale; wan; pallid
舱,cāng,cabin; hold (of a ship or airplane)
操劳,cāoláo,work hard; look after
操练,cāoliàn,to drill; to practice
操纵,cāozòng,operate; control; manipulation
操作,cāozuò,operate; manipulate
嘈杂,cáozá,noisy; raucous
草案,cǎo'àn,draft (legislation; proposal; etc.)
草率,cǎoshuài,cursory; careless; negligent; sloppy; not serious
侧面,cèmiàn,side; profile; flank; face in profile
测量,cèliáng,to survey; to measure
策划,cèhuà,plot; scheme; bring about
策略,cèlüè,tactics; plot
层出不穷,céng chū bù qióng,(idiom) emerge more and more; innumerable succession; breeding like flies
层次,céngcì,level; rank order; standing; layer
差别,chābié,difference; disparity
插座,chāzuò,power socket
查获,cháhuò,investigate and capture a criminal; discover
岔,chà,fork in the road; turn off; diverge
刹那,chànà,an instant (Sanskrit: ksana); split second
诧异,chàyì,flabbergasted; astonished
柴油,cháiyóu,diesel fuel; kerosene
搀,chān,assist by the arm; mix; support; sustain
馋,chán,gluttonous; greedy
缠绕,chánrào,bind; wind; twirl; twist; intertwine
产业,chǎnyè,industry; estate; property
阐述,chǎnshù,expound (a position); elaborate (on a topic)
颤抖,chàndǒu,tremble; to shiver; to shake
昌盛,chāngshèng,prosperous
尝试,chángshì,to try; attempt
偿还,chánghuán,repay; reimburse
场合,chǎnghé,occasion; situation
场面,chǎngmiàn,scene; occasion
场所,chǎngsuǒ,location; place
敞开,chǎngkāi,open wide
畅通,chàngtōng,unimpeded; unclogged; free-flowing; straight path; to expedite
畅销,chàngxiāo,best seller; chart-topping; very marketable
倡导,chàngdǎo,to advocate; propose
倡议,chàngyì,suggest; propose
钞票,chāopiào,paper money; bill
超越,chāoyuè,surpass; exceed; transcend
巢穴,cháoxué,lair; nest; den; hideout
朝代,cháodài,dynasty; reign (of a king)
嘲笑,cháoxiào,jeer; mock; scoff
潮流,cháoliú,tide; current; trend
撤退,chètuì,retreat
撤销,chèxiāo,repeal
沉淀,chéndiàn,to precipitate (solid sediment out of a solution); to settle
沉闷,chénmèn,oppressive (of weather); heavy; depressed; not happy
沉思,chénsī,ponder; contemplate; meditation
沉重,chénzhòng,heavy; hard; serious
沉着,chénzhuó,calm and collected; not nervous
陈旧,chénjiù,old fashioned; outmoded; obsolete
陈列,chénliè,to display; to exhibit
陈述,chénshù,allegation; assertation; to declare; to state
衬托,chèntuō,to set off; serve as a foil to
称心如意,chènxīnrúyì,find sth. satisfactory
称号,chēnghào,title; term of address
成本,chéngběn,cost (manufacturing; production; etc.)
成交,chéngjiāo,complete a contract; clinch a deal; to seal
成天,chéngtiān,all day long; all the time
成效,chéngxiào,effect; result
成心,chéngxīn,intentional; deliberate; with prior intent
成员,chéngyuán,member
呈现,chéngxiàn,appear; emerge; present (a certain appearance)
诚挚,chéngzhì,sincere; cordial; earnest
承办,chéngbàn,undertake; accept an assignment
承包,chéngbāo,to contract (to undertake a job)
承诺,chéngnuò,to promise
城堡,chéngbǎo,castle
乘,chéng,to ride; to mount; make use of; multiply
盛,chéng; shèng,contain; to ladle; to fill | flourishing; grand; abundant
惩罚,chéngfá,penalty; punishment; to punish; to penalize
澄清,chéngqīng,(of liquid) settle; become clear; (Chem.) precipitate
橙,chéng,orange (color); orange (fruit; tree)
秤,chèng,balance; scale; steelyard
吃苦,chī kǔ,bear hardships; suffer
吃力,chīlì,strenuous; exhausted
迟钝,chídùn,slow (witted); stupid; dull
迟缓,chíhuǎn,slow; sluggish
迟疑,chíyí,hesitate
持久,chíjiǔ,duration; enduring; lasting; persistent
赤道,chìdào,the equator
赤字,chìzì,(financial) deficit; red ink
冲动,chōngdòng,impulsive; act on impulse
冲击,chōngjī,attack; impact; a shock
冲突,chōngtū,conflict; clash
充当,chōngdāng,serve as; play the part of
充沛,chōngpèi,abundant; plentiful; vigorous
充实,chōngshí,substantial; rich; enrich; substantiate
充足,chōngzú,adequate; sufficient; abundant
重叠,chóngdié,to overlap
崇拜,chóngbài,worship; adore
崇高,chónggāo,lofty; sublime
崇敬,chóngjìng,revere; admire; veneration
稠密,chóumì,dense; thick
筹备,chóubèi,make preparations; get ready for something
丑恶,chǒu'è,ugly; repulsive; odiousness
出路,chūlù,a way out; outlet
出卖,chūmài,sell; betray; sell out
出身,chūshēn,family background; class origin
出神,chū shén,be lost in thought; entranced; preoccupation; Trance (music genre)
出息,chūxi,future prospects; aspiration; promise
初步,chūbù,initial; preliminary; tentative
除,chú,besides; except; remove; to divide (mathematics)
处分,chǔfèn,punish; punishment; discipline; disposal
处境,chǔjìng,plight; unfavorable situation
处置,chǔzhì,to handle; take care of; punish
储备,chǔbèi,reserves; store up
储存,chǔcún,stockpile; to store
储蓄,chǔxù,to save; to deposit
触犯,chùfàn,offend; violate
川流不息,chuān liú bù xī,(saying) flowing of an endless stream
穿越,chuānyuè,pass through; cut across
传达,chuándá,convey; transmit; communicate
传单,chuándān,leaflet; flier; pamphlet
传授,chuánshòu,impart; pass on; teach
船舶,chuánbó,ships; boats; watercraft
喘气,chuǎnqì,to pant; gasp for breath
串,chuàn,string together; conspire; gang up; mix up; bunch
床单,chuángdān,bed sheet
创立,chuànglì,to found; establish
创新,chuàngxīn,innovate; innovation
创业,chuàngyè,begin an undertaking; start a major task; start a company
创作,chuàngzuò,create; to produce; creative work
吹牛,chuī niú,to brag; (regional) to chat
吹捧,chuīpěng,flatter sb.; extol sb.'s accomplishments
炊烟,chuīyān,smoke from kitchen chimneys
垂直,chuízhí,perpendicular; vertical
锤,chuí,hammer; weight
纯粹,chúncuì,purely; pure
纯洁,chúnjié,pure; unadulterated; cleanse
慈善,císhàn,philanthropic; benevolent; charitable
慈祥,cíxiáng,a kindly person; benevolent (often of older people)
磁带,cídài,cassette tape
雌雄,cíxióng,male and female; winners and losers
次品,cìpǐn,defective or substandard products
次序,cìxù,sequence; order
伺候,cìhou,serve; wait upon; act as a valet
刺,cì,thorn; to sting; to prick; pierce; stab
从容,cóngróng,leisurely; calm
丛,cóng,crowd together; thicket; collection
凑合,còuhe,bring together; make do in a bad situation; improvise
粗鲁,cūlǔ,crude; coarse; rough; language
窜,cuàn,to flee; to escape; run away
摧残,cuīcán,to ruin; devastate; vandalize
脆弱,cuìruò,weak; fragile; flimsy; frail
搓,cuō,rub or roll between the hands or fingers; to twist
磋商,cuōshāng,discuss seriously; consult; negotiate
挫折,cuòzhé,setback; defeat; frustration
搭,dā,to erect; to build; travel by (car; plane; etc.); to hang; to join
搭档,dādàng,team up; cooperate; work together
搭配,dāpèi,pair up; arrange in pairs; to add sth. into a group; to suit
达成,dá chéng,to reach (an agreement); achieve
答辩,dábiàn,reply (to an accusation)
答复,dáfù,to answer; to reply
打包,dǎbāo,get a doggy bag (at a restaurant); pack up
打官司,dǎ guānsi,go to court
打击,dǎjī,to strike; to hit; to attack
打架,dǎ jià,to fight; scuffle; to come to blows
打量,dǎliang,take measure of; size up
打猎,dǎ liè,hunt; to go hunting
打仗,dǎzhàng,fight; go to war; fight a battle
大不了,dàbuliǎo,at the worst; if worst comes to worst; serious; alarming
大臣,dàchén,chancellor
大伙儿,dàhuǒr,everyone
大肆,dàsì,wantonly; without any constraint
大体,dàtǐ,in general; more or less; on the whole
大意,dàyì,main idea; general idea; gist
大致,dàzhì,more or less; roughly; approximately
歹徒,dǎitú,evil person who commits crimes; villain; gangster
代价,dàijià,price; cost; expense
代理,dàilǐ,acting (temporarily filling a position); agent
带领,dàilǐng,to guide; to lead
怠慢,dàimàn,to slight; give somebody a cold shoulder; treat somebody in a cold manner
逮捕,dàibǔ,to arrest; to capture
担保,dānbǎo,guarantee; vouch for
胆怯,dǎnqiè,timid; coward
诞辰,dànchén,birthday
诞生,dànshēng,be born; come into being
淡季,dànjì,off season; slow business season
淡水,dànshuǐ,fresh water; potable water (water with low salt content)
蛋白质,dànbáizhì,protein
当场,dāngchǎng,at the scene; on the spot
当初,dāngchū,at that time; at the outset; originally
当代,dāngdài,present day; contemporary
当面,dāng miàn,to sb.'s face; in sb.'s presence
当前,dāngqián,current; modern; present
当事人,dāngshìrén,persons involved or implicated; party (to an affair)
当务之急,dāngwùzhījí,the most pressing matter of the moment; a top priority task; urgent matter
当选,dāngxuǎn,be elected
党,dǎng,party; club; association
档案,dàng'àn,file; record; archive
档次,dàngcì,grade; quality; class; level
导弹,dǎodàn,guided missile; cruise missile
导航,dǎoháng,navigation
导向,dǎoxiàng,guidance; lead to; direct something towards
捣乱,dǎo luàn,cause a disturbance; look for trouble
倒闭,dǎobì,go bankrupt; close down
盗窃,dàoqiè,steal; pilfer
稻谷,dàogǔ,rice crops/paddy
得不偿失,dé bù cháng shī,the gains do not outweigh the losses
得力,délì,able; competent
得天独厚,détiāndúhòu,enjoy exceptional advantages; richly endowed by nature
得罪,dézuì,offend; a faux pas
灯笼,dēnglong,lantern
登陆,dēnglù,to land; come ashore; sign/log in
登录,dēnglù,sign-in
蹬,dēng,press down with the foot; step back or into something
等候,děnghòu,wait; queue
等级,děngjí,degree; rate
瞪,dèng,stare at; to glower
堤坝,dībà,dam; dyke
敌视,díshì,be hostile; adopt a negative attitude towards
抵达,dǐdá,arrive; to reach (a destination); touch down
抵抗,dǐkàng,resist; resistance
抵制,dǐzhì,resistance; refusal (to cooperate); boycott
地步,dìbù,condition; plight; extent
地势,dìshì,terrain; topography of a place
地质,dìzhì,geology
递增,dìzēng,increase step by step; steadily increase
颠簸,diānbǒ,shake; to jolt; bump
颠倒,diāndǎo,turn upside down; upend
典礼,diǎnlǐ,celebration; ceremony
典型,diǎnxíng,typical case; model
点缀,diǎnzhuì,decorate; an ornament; beautify; embellish; be the finishing touch
电源,diànyuán,electric power supply
垫,diàn,cushion; to pad; pay for somebody and expect to be repaid
惦记,diànjì,to remember with concern; to be concerned about; to think about; to keep thinking about; to worry about
奠定,diàndìng,establish; to found; to settle
叼,diāo,hold sth. in the mouth
雕刻,diāokè,carve; engrave; sculpt
雕塑,diāosù,sculpture; a statue; a Buddhist image
吊,diào,hang; suspend
调动,diàodòng,to transfer; to maneuver (troops; etc.)
跌,diē,to fall down; to drop
丁,dīng,male adult; robust; cubes (of food); T-shaped (4th Heavenly Stem)
叮嘱,dīngzhǔ,urge again and again; exhort; repeatedly warn
盯,dīng,to stare; to gaze
定期,dìngqī,regularly; at regular intervals
定义,dìngyì,definition
丢人,diū rén,lose face; be disgraced
丢三落四,diūsān làsì,forgetful; scatterbrained
东道主,dōngdàozhǔ,host for a party or conference
东张西望,dōngzhāngxīwàng,look in all directions; glance around
董事长,dǒngshìzhǎng,chairman of the board
动荡,dòngdàng,(social or political) turmoil; unrest; upheaval
动机,dòngjī,motive; motivation; intention
动静,dòngjìng,sound of activity; activity
动力,dònglì,power; motion; impetus; driving force
动脉,dòngmài,artery
动身,dòng shēn,go on a journey; leave
动手,dòngshǒu,get to work; to touch; strike a blow
动态,dòngtài,development; trend; dynamic state
动员,dòngyuán,mobilize
冻结,dòngjié,(loan; wage; price) freeze
栋,dòng,roof beam; (mw for buildings)
兜,dōu,pocket; bag; wrap up (in a piece of cloth); move around (in a circle); canvass (solicit); take responsibility
陡峭,dǒuqiào,steep; precipitous
斗争,dòuzhēng,to struggle; to fight for; to battle
督促,dūcù,supervise and urge sb. to complete a task
毒品,dúpǐn,drugs; narcotics; poison
独裁,dúcái,dictatorship
堵塞,dǔsè,block; stop
赌博,dǔbó,to gamble
杜绝,dùjué,put an end to
端,duān,end; beginning; extremity; carry holding something from the sides
端午节,Duānwǔ Jié,Dragon Boat Festival
端正,duānzhèng,upright; regular; proper; correct
短促,duǎncù,short in time duration; fleeting; brief
断定,duàndìng,conclude; determine; figure out
断绝,duànjué,sever; break off
堆积,duījī,pile up; accumulate
队伍,duìwu,ranks; troops
对策,duìcè,countermeasure for dealing with a situation
对称,duìchèn,symmetry
对付,duìfu,to handle; deal with
对抗,duìkàng,withstand; resist; antagonize
对立,duìlì,oppose; to counter
对联,duìlián,rhyming couplet; vertical written couplet usually placed along either side of a doorway
对应,duìyìng,corresponding; counterpart
对照,duìzhào,contrast; compare
兑现,duìxiàn,cash a check; honor a commitment
顿时,dùnshí,immediately; suddenly
多元化,duōyuánhuà,diversify; diversification
哆嗦,duōsuo,tremble; to shiver; to quiver
堕落,duòluò,morally degenerate; become depraved
额外,éwài,extra; added; additional
恶心,ěxin,disgusting; nauseous; make somebody embarrassed (èxīn: bad/vicious habit; vice)
恶化,èhuà,worsen; deteriorate
遏制,èzhì,keep within limits; contain; restrain; hold back
恩怨,ēnyuàn,grievance; old rivalry; mixture of gratitude and resentment
而已,éryǐ,that's all; nothing more
二氧化碳,èryǎnghuàtàn,carbon dioxide; CO2
发布,fābù,issue; announce; release
发财,fā cái,get rich
发呆,fādāi,stare blankly; daze off
发动,fādòng,to start; to launch; mobilize
发觉,fājué,discover; detect
发射,fāshè,to launch; to shoot (a projectile); to fire (a rocket)
发誓,fāshì,to vow; to pledge; swear
发行,fāxíng,publish; to issue; distribute
发炎,fāyán,become inflamed from infection or injury
发扬,fāyáng,develop; make full use of; to carry on
发育,fāyù,develop; growth
法人,fǎrén,legal entity (i.e.; a corporation)
番,fān,(mw for acts or deeds); foreign
凡是,fánshì,every; any; all; without exception
繁华,fánhuá,flourishing; bustling; prosperous
繁忙,fánmáng,busy; bustling
繁体字,fántǐzì,traditional Chinese character
繁殖,fánzhí,propagate; to breed; reproduce
反驳,fǎnbó,retort; refute
反常,fǎncháng,abnormal; unusual
反感,fǎngǎn,(strongly) dislike
反抗,fǎnkàng,resist; to revolt
反馈,fǎnkuì,feedback; send information back
反面,fǎnmiàn,the reverse side of sth.; opposite side of a topic
反射,fǎnshè,reflex; reflection (from a mirror; etc.)
反思,fǎnsī,think back over something that happened; to reflect; introspection
反问,fǎnwèn,ask a rhetorical question; answer a question with a question
反之,fǎnzhī,whereas...; on the other hand ...; conversely ...
泛滥,fànlàn,to be in flood; to overflow (the banks); to inundate; to spread unchecked
范畴,fànchóu,category
贩卖,fànmài,sell; peddle; (often derogatory) to traffic in
方位,fāngwèi,position; direction; points of the compass; bearing
方言,fāngyán,dialect
方圆,fāngyuán,circumference; neighborhood; vicinity
方针,fāngzhēn,policy; guidelines
防守,fángshǒu,to defend; protect; to guard
防御,fángyù,defense; resist; to guard
防止,fángzhǐ,prevent; protect; guard against; avoid
防治,fángzhì,prevent and cure
访问,fǎngwèn,to visit; call on; to interview
纺织,fǎngzhī,spinning and weaving; textile
放大,fàngdà,enlarge; amplify
放射,fàngshè,radiate; radioactive
飞禽走兽,fēiqínzǒushòu,birds and animals; the beasts of the field and the birds of the air
飞翔,fēixiáng,fly; hover
飞跃,fēiyuè,to leap
非法,fēifǎ,illegal
肥沃,féiwò,fertile
诽谤,fěibàng,slander; libel
肺,fèi,lung
废除,fèichú,abolish; annul; abrogate
废寝忘食,fèiqǐnwàngshí,to forget even sleeping and eating
废墟,fèixū,ruins
沸腾,fèiténg,to boil; boiling
分辨,fēnbiàn,distinguish; differentiate; resolve
分寸,fēncun,propriety; the limits of proper speech or action
分红,fēn hóng,a bonus; to award a bonus; to draw or recieve dividends; to share profits
分解,fēnjiě,to decompose; to resolve; to break down
分裂,fēnliè,split up; to divide; separate
分泌,fēnmì,secrete
分明,fēnmíng,clear; distinct; evidently; clearly
分歧,fēnqí,difference (of opinion/position）
分散,fēnsàn,to scatter; disperse; distribute
吩咐,fēnfù,instruct; instructions; to tell; to order (to do something)
坟墓,fénmù,tomb; sepulcher
粉末,fěnmò,fine powder; dust
粉色,fěnsè,pink
粉碎,fěnsuì,to crash; break up
分量,fènliàng,weight; heft; amount
愤怒,fènnù,angry; indignant; furious; anger; indignation; wrath; ire
丰满,fēngmǎn,plump; well developed; plentiful; Fengman district of Jilin City; Jilin Province
丰盛,fēngshèng,sumptuous; lavish
丰收,fēngshōu,bumper crop; have a good harvest
风暴,fēngbào,storm; violent commotion
风度,fēngdù,elegant demeanor; grace; poise; style
风光,fēngguāng,a natural scenic view; sight
风气,fēngqì,general mood; atmosphere; common practice
风趣,fēngqù,humor; wit; humorous
风土人情,fēngtǔrénqíng,local conditions (human and environmental)
风味,fēngwèi,local flavor; local style
封闭,fēngbì,to seal; to close; confine
封建,fēngjiàn,feudal; feudalism
封锁,fēngsuǒ,to blockade; to seal off
锋利,fēnglì,sharp (i.e. a knife blade); incisive; to the point
逢,féng,to meet; come upon
奉献,fèngxiàn,consecrate; dedicate; devote
否决,fǒujué,veto; reject; overrule
夫妇,fūfù,married couple; husband and wife
夫人,fūrén,lady; madam; Mrs.; wife
敷衍,fūyǎn,to elaborate (on a theme); to expound (the classics); to do sth. half-heartedly or just for show; barely enough to get by; perfunctory; apathetic; to skimp; to botch
服从,fúcóng,to obey; to comply
服气,fúqì,be convinced
俘虏,fúlǔ,captive; prisoner
符号,fúhào,symbol; mark; sign
幅度,fúdù,width; margin; extent
辐射,fúshè,radiation
福利,fúlì,material benefits; welfare; well-being
福气,fúqì,good fortune
抚摸,fǔmō,gently caress and stroke; to pet; to fondle
抚养,fǔyǎng,foster; bring up; raise
俯视,fǔshì,look down at; overlook
辅助,fǔzhù,assist; aide
腐败,fǔbài,corruption; corrupt; rotten
腐烂,fǔlàn,rot; become gangrenous
腐蚀,fǔshí,erode; corrode; corrupt; rusty
腐朽,fǔxiǔ,rotten; decayed; decadent; degenerate
负担,fùdān,to (bear a) burden; carry; a load
附和,fùhè,repeat an agreement; copy sb.'s action or words
附件,fùjiàn,attachment; enclosure
附属,fùshǔ,subsidiary; auxiliary; affiliate; attached
复活,fùhuó,resurrection
复兴,fùxīng,revive; restore
副,fù,vice-; secondary; auxiliary; deputy; assistant; classifier for pairs (i.e. glasses)
赋予,fùyǔ,confer upon; bestow; endow; entrust (a task)
富裕,fùyù,rich; to prosper; wealthy
腹泻,fùxiè,diarrhea
覆盖,fùgài,to cover
改良,gǎiliáng,improve; to reform
钙,gài,calcium
盖章,gàizhāng,affix one's seal; seal; stamp
干旱,gānhàn,drought; dry
干扰,gānrǎo,interfere; obstruction
干涉,gānshè,interfere; intervene; meddle
干预,gānyù,meddle; intervene; intervention
尴尬,gāngà,awkward; embarrassed
感慨,gǎnkǎi,lament; with a tinge of emotion or regret
感染,gǎnrǎn,infection; infect; influence
干劲,gànjìn,enthusiasm; energy; drive
纲领,gānglǐng,program; guiding principle
岗位,gǎngwèi,a post; a job
港口,gǎngkǒu,port; harbor
港湾,gǎngwān,harbor; estuary
杠杆,gànggǎn,lever; pry bar; crowbar; financial leverage
高超,gāochāo,excellent; superb
高潮,gāocháo,high tide; upsurge; climax; chorus (of a song)
高峰,gāofēng,peak; summit; apex
高明,gāomíng,brilliant; wise
高尚,gāoshàng,nobly; lofty
高涨,gāozhǎng,upsurge; (tensions; etc.) run high
稿件,gǎojiàn,rough draft of a document
告辞,gàocí,take leave; bid farewell
告诫,gàojiè,warn; admonish
疙瘩,gēda,swelling or lump on skin
鸽子,gēzi,dove; pigeon
搁,gē,to place; put aside
割,gē,to cut (apart/off)
歌颂,gēsòng,sing the praise of; extol; eulogize
革命,gémìng,revolution; revolutionary (politics); cause great social change; rise in revolt; take part in revolution
格局,géjú,structure; pattern
格式,géshì,form; specification; format
隔阂,géhé,estrangement; misunderstanding
隔离,gélí,insulate; separate; isolate
个体,gètǐ,individual
各抒己见,gèshūjǐjiàn,everyone gives their own view
根深蒂固,gēn shēn dì gù,deep-rooted; ingrained; inveterate (problem; etc.)
根源,gēnyuán,origin; root; source
跟前,gēnqián,in front of
跟随,gēnsuí,follow; followed
跟踪,gēnzōng,follow somebody's tracks; tail; shadow
更新,gēngxīn,to replace the old with new; to renew; to renovate; to upgrade; to update; to regenerate; to rejuvenate
更正,gēngzhèng,correct; correction
耕地,gēngdì,arable land; to plow land
工艺品,gōngyìpǐn,handicraft; handiwork
公安局,gōngānjú,public security bureau
公道,gōngdao,fair; equitable
公告,gōnggào,post; announcement
公关,gōngguān,public relations
公民,gōngmín,citizen
公然,gōngrán,(do something) openly; undisguised
公认,gōngrèn,publicly know (to be); recognize; generally acknowledged
公式,gōngshì,formula
公务,gōngwù,public affairs; official business
公正,gōngzhèng,just; fair
公证,gōngzhèng,notarization
功劳,gōngláo,contribution; meritorious; credit
功效,gōngxiào,efficiency; effectiveness
攻击,gōngjī,to attack; accuse; to charge
攻克,gōngkè,to capture; to take
供不应求,gōng bú yìng qiú,(saying) demand outstrips supply
供给,gōngjǐ,to furnish; provide; to supply
宫殿,gōngdiàn,palace
恭敬,gōngjìng,dutiful; deferential
巩固,gǒnggù,consolidate; solidify
共和国,gònghéguó,republic
共计,gòngjì,sum up; total
共鸣,gòngmíng,physical resonance; sympathetic response to something
勾结,gōujié,collude with; collaborate; gang up
钩子,gōuzi,hook
构思,gòusī,outline a story; make preliminary sketch
孤独,gūdú,lonely; solitary
孤立,gūlì,isolate; isolated
姑且,gūqiě,temporarily; the time being
辜负,gūfù,let down; disappoint; fail to live up to
古董,gǔdǒng,antique
古怪,gǔguài,eccentric; grotesque; oddly
股东,gǔdōng,stockholder; shareholder
股份,gǔfèn,a share (in a company) stock
骨干,gǔgàn,backbone; mainstay
鼓动,gǔdòng,agitate; instigate
固然,gùrán,admittedly; it is true that; indeed
固体,gùtǐ,solid
固有,gùyǒu,intrinsic/inherent to something; native
固执,gùzhí,persistent; stubborn
故乡,gùxiāng,hometown; homeland; birthplace
故障,gùzhàng,malfunction; breakdown
顾虑,gùlǜ,misgivings; apprehensions
顾问,gùwèn,adviser; consultant
雇佣,gùyōng,employ; hire
拐杖,guǎizhàng,crutch; walking stick
关怀,guānhuái,care; solicitude; show care for; concerned about; attentive to
关照,guānzhào,concern; look after; keep an eye on
观光,guānguāng,sight see; tour
官方,guānfāng,official; (by the) government
管辖,guǎnxiá,administer; have jurisdiction (over)
贯彻,guànchè,to implement; put into practice; carry out
惯例,guànlì,conventional
灌溉,guàngài,irrigate
罐,guàn,can; jar; pot; pitcher; jug
光彩,guāngcǎi,splendor; radiance; brilliance; honor
光辉,guānghuī,radiance; brilliant; glory
光芒,guāngmáng,rays of light; brilliant rays; radiance
光荣,guāngróng,glory; honor
广阔,guǎngkuò,wide; vast
归根到底,guī gēn dào dǐ,(saying) to sum it up ...
归还,guīhuán,return something; revert
规范,guīfàn,standard (design or model); norm; without variation; to specify
规格,guīgé,standard; norm; specification
规划,guīhuà,plan; program; project
规章,guīzhāng,regulations; rule
轨道,guǐdào,orbit; railway; trajectory
贵族,guìzú,lord; nobility; nobleman; noblewoman
跪,guì,kneel
棍棒,gùnbàng,club
国防,guófáng,national defense
国务院,guówùyuàn,State Council (PRC); State Department (USA)
果断,guǒduàn,firm; decisive
过度,guòdù,excessive; exceeding; lavishly
过渡,guòdù,to cross a river by ferry; transition; interim
过奖,guòjiǎng,praise excessively; flatter
过滤,guòlǜ,to filter; filter
过失,guòshī,defect; fault
过问,guòwèn,take an interest in; get involved with
过瘾,guòyǐn,satisfy a craving; get a kick out of sth; do to one's heart's content
过于,guòyú,too much; excessively
嗨,hāi,hey/hi (loanword); oh; alas;
海拔,hǎibá,height above sea level; elevation
海滨,hǎibīn,shore; seaside
含糊,hánhu,unclear; vague; unsure
含义,hányì,implied meaning; connotation
寒暄,hánxuān,exchanging conventional greetings; winter and summer
罕见,hǎnjiàn,rare; rarely seen; peculiar
捍卫,hànwèi,defend; uphold; safeguard
行列,hángliè,procession; ranks; queue
航空,hángkōng,aviation
航天,hángtiān,space flight
航行,hángxíng,to sail; to fly
毫米,háomǐ,millimeter
毫无,háo wú,not at all; completely without; not in the least
豪迈,háomài,bold and generous; heroic
号召,hàozhào,call upon; summon; to appeal
耗费,hàofèi,waste; spend; consume
呵,hē,breathe out; scold
合并,hébìng,merge; annex
合成,héchéng,compound; synthesis; mixture
合伙,héhuǒ,to make a partnership
合算,hésuàn,worthwhile; reckon up
和蔼,hé'ǎi,kindly; good-tempered; amiable
和解,héjiě,settlement; to become reconciled
和睦,hémù,peaceful relations; harmonious
和气,héqi,friendly; polite; amiable
和谐,héxié,harmonious; concordant
嘿,hēi,hey; interjection for calling attention
痕迹,hénjì,vestige; trace
狠心,hěn xīn,callous; cruel; cold-blooded
恨不得,hèn bu de,cannot bear not; be dying to
横,héng,horizontal; across; (horizontal character stroke)
哼,hēng,groan; snort; to hum; croon
轰动,hōngdòng,a sensation; a stir
烘,hōng,to dry or warm by the fire; to bake; to heat by fire; to set off by contrast
宏观,hóngguān,macro-; macroscopic
宏伟,hóngwěi,grand; imposing; magnificent; grand
洪水,hóngshuǐ,flood
哄,hǒng,fool; coax; to amuse (a child)
喉咙,hóulóng,throat; larynx
吼,hǒu,roar; howl
后代,hòudài,posterity; later generations; descendants
后顾之忧,hòugùzhīyōu,fears of trouble in the rear (idiom); family worries (obstructing freedom to act); trouble back at home; worries about the future consequences; often in negative expressions; meaning no worries about anything
后勤,hòuqín,logistics
候选,hòuxuǎn,candidate
呼唤,hūhuàn,call out (a name etc.); shout
呼啸,hūxiào,whistle; scream; howl
呼吁,hūyù,call on (someone to do something); appeal
忽略,hūlüè,ignore; forget about; neglect
胡乱,húluàn,carelessly; recklessly
胡须,húxū,beard; moustache; whiskers
湖泊,húpō,lake
花瓣,huābàn,petal
花蕾,huālěi,(flower) bud
华丽,huálì,gorgeous; magnificent
华侨,huáqiáo,overseas Chinese
化肥,huàféi,chemical fertilizer
化石,huàshí,fossil
化验,huàyàn,laboratory test; chemically examine
化妆,huà zhuāng,put on make-up
划分,huàfēn,divide up; differentiate
画蛇添足,huàshétiānzú,draw legs on a snake (idiom); to ruin something by adding something superfluous
话筒,huàtǒng,microphone; transmitter; megaphone
欢乐,huānlè,gaiety; glee; delighted
还原,huányuán,restore to the original state; (Chemistry) reduce
环节,huánjié,link; sector; segment (of annelid worms)
缓和,huǎnhé,alleviate; to moderate; to ease (tension)
患者,huànzhě,sufferer; patient; the sick
荒凉,huāngliáng,desolate
荒谬,huāngmiù,ridiculous; nonsensical
荒唐,huāngtang,beyond belief; preposterous; absurd; intemperate
皇帝,huángdì,emperor
皇后,huánghòu,an empress
黄昏,huánghūn,dusk; evening; nightfall
恍然大悟,huǎngrándàwù,suddenly see the light; suddenly realize what has happened; twig
晃,huàng,to sway; to shake
挥霍,huīhuò,squander money without restraint; squander
辉煌,huīhuáng,splendid; glorious
回报,huíbào,repayment; payback
回避,huíbì,avoid; shun; evade
回顾,huígù,look back; to review
回收,huíshōu,recycle; recover and put back to use
悔恨,huǐhèn,remorse; repentance
毁灭,huǐmiè,perish; ruin; destroy
汇报,huìbào,report; give an account of; to collect information and report back
会晤,huìwù,meet; meeting; conference
贿赂,huìlù,to bribe
昏迷,hūnmí,lose consciousness; be in a coma
荤,hūn,meat or fish dish; pungent vegetables forbidden to Buddhist vegetarians
浑身,húnshēn,entire body; from head to foot
混合,hùnhé,to mix; to blend
混乱,hùnluàn,confusion; chaotic
混淆,hùnxiáo,obscure; confuse; mix up; blur; mislead; confusing
混浊,hùnzhuó,muddy; dirty; turbid
活该,huógāi,serve sb. right; deservedly; ought
活力,huólì,energy; vitality; vigor
火箭,huǒjiàn,rocket
火焰,huǒyàn,blaze; flame
火药,huǒyào,gunpowder
货币,huòbì,currency; money
讥笑,jīxiào,sneer at; deride
饥饿,jī'è,hunger; hungry; starve
机动,jīdòng,motorized; mobile; flexible
机构,jīgòu,structure; organization; institution
机灵,jīling,clever; quick-witted; smartness
机密,jīmì,secret; classified (information)
机械,jīxiè,machine; mechanical
机遇,jīyù,opportunity; stroke of good luck; favorable circumstance
机智,jīzhì,tact; quick-witted; resourceful
基地,jīdì,base (of operations)
基金,jījīn,fund; endowment
基因,jīyīn,gene
激发,jīfā,to arouse; excite
激励,jīlì,urge; encourage; motivation
激情,jīqíng,passion; strong emotion; fervor; enthusiasm
及早,jízǎo,as soon as possible; at the earliest possible time
吉祥,jíxiáng,lucky
级别,jíbié,rank; level; grade
极端,jíduān,extreme
极限,jíxiàn,limit; extreme boundary
即便,jíbiàn,even if; even though
即将,jíjiāng,will shortly; soon; be on the verge of
急功近利,jígōngjìnlì,eager for success and profit
急剧,jíjù,rapid; sudden
急切,jíqiè,eager; impatient; imperative
急于求成,jíyúqiúchéng,impatient for success
急躁,jízào,irritable; impetuous; impatient
疾病,jíbìng,disease; illness; sickness; ailment
集团,jítuán,group; bloc; circle; clique
嫉妒,jídù,to be jealous; to envy; covet; to hate; to begrudge
籍贯,jíguàn,place of one's ancestry
给予,jǐyǔ,to give
计较,jìjiào,focus excessively on; haggle; bicker; argue
记性,jìxing,memory
记载,jìzǎi,write down; to record
纪要,jìyào,written summary of a meeting; minutes
技巧,jìqiǎo,skill; technique
忌讳,jìhuì,avoid as a taboo; abstain from; taboo
季度,jìdù,(financial) quarter; period of three months
季军,jìjūn,third in a race; bronze medalist
迹象,jìxiàng,mark; indication; sign
继承,jìchéng,inherit; carry on; succeed
寄托,jìtuō,entrust somebody someone's care; consign; commit
寂静,jìjìng,quiet
加工,jiā gōng,to process; processing; machining
加剧,jiājù,aggravate; intensify; sharpen; accelerate
夹杂,jiāzá,mix together; have two dissimilar substances mixed together
佳肴,jiāyáo,delicacy
家常,jiācháng,the daily life of a family; home-style (food)
家伙,jiāhuo,guy; chap; tool; weapon
家属,jiāshǔ,family member; a dependent
家喻户晓,jiā yù hù xiǎo,become a household name; well-known
尖端,jiānduān,highest peak; the tip; sharp pointed end; most advanced and sophisticated
尖锐,jiānruì,sharp; intense; penetrating
坚定,jiāndìng,firm; staunch; resolute
坚固,jiāngù,firm; strong; sturdy
坚韧,jiānrèn,tough and durable; hard-bitten; firm and tenacious
坚实,jiānshí,firm and substantial; solid
坚硬,jiānyìng,hard; solid
艰难,jiānnán,difficult; arduous
监督,jiāndū,control; monitor; supervise; inspect
监视,jiānshì,oversee; to monitor
监狱,jiānyù,prison; jail
煎,jiān,pan-fry; fry in shallow oil
拣,jiǎn,choose; select; sort out
检讨,jiǎntǎo,self-criticism; analyze
检验,jiǎnyàn,inspect; examine; to test
剪彩,jiǎn cǎi,cut the ribbon at an opening ceremony
简化,jiǎnhuà,simplify; simplification
简陋,jiǎnlòu,simple and crude (i.e. room or building)
简体字,jiǎntǐzì,simplified Chinese characters
简要,jiǎnyào,concise; brief
见多识广,jiànduōshíguǎng,experienced and knowledgeable
见解,jiànjiě,view; opinion; understanding
见闻,jiànwén,information
见义勇为,jiànyìyǒngwéi,to see what is right and act courageously (idiom; from Analects); to stand up bravely for the truth; acting heroically in a just cause
间谍,jiàndié,a spy; intelligence agent
间隔,jiàngé,interval; intermission; gap; be separated
间接,jiànjiē,indirect
剑,jiàn,sword
健全,jiànquán,Perfect; sound; to perfect/strengthen/amplify
舰艇,jiàntǐng,warship; naval vessel
践踏,jiàntà,trample
溅,jiàn,to splash
鉴别,jiànbié,differentiate; distinguish
鉴定,jiàndìng,appraise; identify; evaluate
鉴于,jiànyú,in light of; in view of; seeing that
将近,jiāngjìn,almost; nearly; close to
将就,jiāngjiu,put up with; accept somewhat reluctantly
将军,jiāngjūn,a general (military officer)
僵硬,jiāngyìng,stiff
奖励,jiǎnglì,to reward (as encouragement)
奖赏,jiǎngshǎng,to reward
桨,jiǎng,oar; paddle
降临,jiànglín,befall; descend
交叉,jiāochā,cross; intersect
交代,jiāodài,explain; account for; hand over
交涉,jiāoshè,negotiate; discuss a matter with the opposing side
交易,jiāoyì,business transaction; deal; trade
娇气,jiāoqì,delicate; effeminate; squeamish
焦点,jiāodiǎn,focus; focal point
焦急,jiāojí,anxiety; worried
角落,jiǎoluò,corner; nook
侥幸,jiǎoxìng,by luck; by a fluke
搅拌,jiǎobàn,stir; mix up
缴纳,jiǎonà,to pay (taxes)
较量,jiàoliàng,competition; to have a contest with sb.
教养,jiàoyǎng,upbringing; education; bring up; nurture and train
阶层,jiēcéng,hierarchy
皆,jiē,all; each and every; in all cases
接连,jiēlián,one after another; in a row; in succession
揭露,jiēlù,expose; unmask
节制,jiézhì,to be restrained or moderate
节奏,jiézòu,rhythm; cadence; tempo
杰出,jiéchū,outstanding; preeminent
结晶,jiéjīng,a crystal; to crystallize
结局,jiéjú,conclusion; ending
结算,jiésuàn,settle up the bill; close an account
截止,jiézhǐ,end; close; stop; expiration
截至,jiézhì,up until; by (a specified time
竭尽全力,jiéjìn quánlì,to spare no efforts; do one's utmost
解除,jiěchú,remove; relieve (someone of their duties); sack; get rid of
解放,jiěfàng,liberate
解雇,jiěgù,fire; lay off; dismiss from
解剖,jiěpōu,dissect; analyze; anatomy
解散,jiěsàn,dismiss; dissolve; disband
解体,jiětǐ,disintegrate
戒备,jièbèi,take precautions; be on the alert
界限,jièxiàn,boundary; marginal; limit
借鉴,jièjiàn,take example by; use other people's experience
借助,jièzhù,get help from
金融,jīnróng,banking finance; financial
津津有味,jīnjīn yǒu wèi,(saying) with gusto; eagerly; with great interest
紧迫,jǐnpò,urgent; urgency
锦上添花,jǐnshàngtiānhuā,lit. on brocade; add flowers (idiom); to decorate sth already perfect / gilding the lily
进而,jìn'ér,and then (what follows next)
进攻,jìngōng,attack (military); assault
进化,jìnhuà,evolution
进展,jìnzhǎn,make progress; development; make headway
近来,jìnlái,recently; lately
晋升,jìnshēng,promote to a higher position
浸泡,jìnpào,to soak
茎,jīng,stalk; stem
经费,jīngfèi,funds; expenses
经纬,jīngwěi,warp and woof; longitude and latitude; main points
惊动,jīngdòng,alarm; alert; startle; disturb
惊奇,jīngqí,amaze; astonished
惊讶,jīngyà,surprised; astonished; astound
兢兢业业,jīngjīng yèyè,cautious and conscientious
精打细算,jīng dǎ xì suàn,(saying) meticulous planning and careful accounting
精华,jīnghuá,elite; best feature; most important part of an object; essence; quintessence
精简,jīngjiǎn,simplify; reduce
精密,jīngmì,accuracy; exact; precise; refined
精确,jīngquè,accurate; precise
精通,jīngtōng,proficient; have a good command of
精心,jīngxīn,with utmost care; meticulous; detailed
精益求精,jīng yì qiú jīng,(saying) improving and wanting to improve even more
精致,jīngzhì,exquisite; delicate; refined
井,jǐng,a well
颈椎,jǐngzhuī,cervical vertebra; the seven cervical vertebrae in the neck of humans and most mammals
警告,jǐnggào,to warn; admonish
警惕,jǐngtì,vigilant; alert; be on guard
竞赛,jìngsài,race; contest; competition
竞选,jìngxuǎn,run for (electoral) office; take part in an election
敬礼,jìnglǐ,to salute; best regards
敬业,jìngyè,work ethic
境界,jìngjiè,boundary; state; realm; level
镜头,jìngtóu,camera shot (in a movie; etc.); scene; camera lens
纠纷,jiūfēn,dispute; quarrel
纠正,jiūzhèng,to correct; to make right
酒精,jiǔjīng,alcohol; ethanol
救济,jiùjì,emergency relief; aid; help out in a disaster
就近,jiùjìn,nearby; in a close neighborhood
就业,jiùyè,employment; getting a job
就职,jiù zhí,take office; assume a post
拘留,jūliú,detain (a prison); keep (someone) in custody
拘束,jūshù,restrict; constrained; ill at ease; reticent
居民,jūmín,resident; inhabitant
居住,jūzhù,reside; dwell; to live (in a place)
鞠躬,jūgōng,to bow
局部,júbù,part; local
局面,júmiàn,aspect; situation
局势,júshì,situation; state (of affairs)
局限,júxiàn,to limit; confine; restrict or confine sth.
咀嚼,jǔjué,to chew
沮丧,jǔsàng,dejected; depressed; dispirited
举动,jǔdòng,action; act; (make) a move; movement
举世瞩目,jǔshì zhǔmù,attract worldwide attention
举足轻重,jǔzúqīngzhòng,a foot's move sways the balance; hold the balance of power; play a key role
剧本,jùběn,script for a play; opera; movie; etc
剧烈,jùliè,acute; violent; severe
据悉,jùxī,according to reports; it is reported (that)
聚精会神,jù jīng huì shén,concentrate one's attention
卷,juǎn,to roll (up); to coil; (mw for tapes)
决策,juécè,Make policy; make strategic decision
觉悟,juéwù,consciousness; awareness; (Buddhist) enlightenment
觉醒,juéxǐng,awaken; arousal; realize
绝望,jué wàng,desperation; forlorn; hopeless
倔强,juéjiàng,stubborn; unbending
军队,jūnduì,army troops
君子,jūnzǐ,gentleman; man of noble character
卡通,kǎtōng,cartoon
开采,kāicǎi,extract ore or some other natural resource from a mine
开除,kāichú,expel; to discharge; to kick out
开阔,kāikuò,wide; open (spaces)
开朗,kāilǎng,outgoing and cheerful; optimistic; carefree; spacious and well-lit
开明,kāimíng,enlightened; open-minded
开辟,kāipì,open up; to start; to build
开拓,kāituò,break new ground (for agriculture); development
开展,kāizhǎn,begin to develop; to launch
开支,kāizhī,expenditures; pay; expenses
刊登,kāndēng,publish in a newspaper; carry a story
刊物,kānwù,publication; periodical; journal
勘探,kāntàn,exploration
侃侃而谈,kǎnkǎn'értán,speak frankly and in measured tones; argue about leisurely and boldly
砍伐,kǎnfá,cut down; lop; hew (as a tree)
看待,kàndài,look upon; regard
慷慨,kāngkǎi,vehement; fervent; generous
扛,káng,to carry on one's shoulder
抗议,kàngyì,to protest; protest
考察,kǎochá,inspect; investigate; analyze
考古,kǎogǔ,archaeology
考核,kǎohé,examine; check up on
考验,kǎoyàn,put to the test; trial
靠拢,kàolǒng,draw close; close up; move up
科目,kēmù,(school) subject
磕,kē,knock; tap
可观,kěguān,considerable; impressive
可口,kěkǒu,tasty; taste good
可恶,kěwù,hateful; abominable; repulsive
可行,kěxíng,feasible
渴望,kěwàng,wishful; to yearn for; desire
克制,kèzhì,restrain; take a firm hold on
刻不容缓,kèbùrónghuǎn,demand immediate action; brook no delay
客户,kèhù,customer; account; client
课题,kètí,task; problem; issue; question for discussion
恳切,kěnqiè,earnest; genuine; fair-spoken
啃,kěn,gnaw; nibble; bite
坑,kēng,pit; hole; defraud
空洞,kōngdòng,empty; hollow; vacuous; devoid of content
空前绝后,kōngqiánjuéhòu,unprecedented and unrepeatable; never to be reduplicated; the first and the last; unmatched; unique
空想,kōngxiǎng,daydream; fantasy
空虚,kōngxū,hollow; emptiness; meaningless
孔,kǒng,hole
恐怖,kǒngbù,afraid; terror
恐吓,kǒnghè,to threaten
恐惧,kǒngjù,fear; dread; phobia
空白,kòngbái,blank space; blank
空隙,kòngxì,crack; gap between two objects
口气,kǒuqì,tone of voice; manner of speaking
口腔,kǒuqiāng,space inside mouth (oral cavity)
口头,kǒutóu,oral; verbal
口音,kǒuyīn,accent
扣,kòu,to fasten; to button; button; buckle; knot; to arrest; to confiscate; to deduct (money); discount; to knock; put upside down; to smash or spike (a ball); to cover (with a bowl etc); fig. to tag a label on sb
枯萎,kūwěi,wither; withered
枯燥,kūzào,dry and dull; uninteresting
哭泣,kūqì,weep; cry; sob
苦尽甘来,kǔjìngānlái,sweetness comes after bitterness; the hard times are over and the good times are just beginning
苦涩,kǔsè,bitter and astringent; pained; agonized; anguished
挎,kuà,carry over one's shoulder or slung on one's side
跨,kuà,step across; stride; straddle; to cross
快活,kuàihuo,happy; cheerful
宽敞,kuānchang,spacious; commodious
宽容,kuānróng,tolerant; lenient
款待,kuǎndài,to entertain (guests)
款式,kuǎnshì,pattern; design; style
筐,kuāng,basket
旷课,kuàng kè,cut school; be truant from school
况且,kuàngqiě,moreover; besides; in addition
矿产,kuàngchǎn,minerals
框架,kuàngjià,frame; framework; skeleton
亏待,kuīdài,treat sb. unfairly
亏损,kuīsǔn,deficit; (financial) loss
捆绑,kǔnbǎng,tie up; bundled
扩充,kuòchōng,expand; extend
扩散,kuòsàn,spread; proliferation
扩张,kuòzhāng,expansion; extension
喇叭,lǎba,horn; trumpet; loudspeaker
蜡烛,làzhú,candle
啦,la,sentence-final particle: a contraction of 了 (le) and 啊 (a)
来历,láilì,history; antecedents; origin
来源,láiyuán,source; originate
栏目,lánmù,column (in a newspaper;TV;etc)
懒惰,lǎnduò,lazy; idle
狼狈,lángbèi,in a difficult position or situation; in a tight corner; scoundrel! (derogatory)
狼吞虎咽,lángtūnhǔyàn,wolf down one's food (idiom); gorge oneself
捞,lāo,dredge up; fish up
牢固,láogù,firm; secure; solid
牢骚,láosāo,grumble; complaint
唠叨,láodao,be talkative (especially about trivial matters); be garrulous; prattle
乐趣,lèqù,delight; pleasure; joy; fun
乐意,lèyì,be happy/willing do something; content; satisfied
雷达,léidá,radar
类似,lèisì,similar; analogous
冷酷,lěngkù,grim; unfeeling; callous
冷落,lěngluò,to treat somebody coldy; to snub; desolate; to give the cold shoulder
冷却,lěngquè,cooling; cool off
愣,lèng,dumbfounded; stupefied; distracted; (spoken) blunt; rash
黎明,límíng,dawn; daybreak
礼节,lǐjié,etiquette; proprieties; festival
礼尚往来,lǐshàngwǎnglái,courtesy requires reciprocity
里程碑,lǐchéngbēi,milestone
理睬,lǐcǎi,heed; pay attention to (usually used in the negative)
理所当然,lǐ suǒ dāng rán,(idiom) it goes without saying; certainly; of course; be natural and right
理直气壮,lǐzhíqìzhuàng,with justice on one's side; one is bold and assured; to have the courage of ones convictions; just and forceful
理智,lǐzhì,reason; intellect; rational
力求,lìqiú,make every effort; do one's best
力所能及,lìsuǒnéngjí,within one's power; to the best of one's ability
力争,lìzhēng,work hard; do all one can to; strive for/argue strongly
历代,lìdài,successive dynasties; past dynasties
历来,lìlái,always; throughout (a period of time)
立场,lìchǎng,position; standpoint
立方,lìfāng,cube; (mw cubic units of measure)
立交桥,lìjiāoqiáo,overpass; one road goes on top of another; cloverleaf intersection
立体,lìtǐ,solid; three dimensional
立足,lìzú,base oneself on; be established; have a footing
利害,lìhai,serious; formidable; devastating; (-hài: advantages and disadvantages)
例外,lìwài,(make an) exception
粒,lì,a grain; granule; (mw for grain-like things)
连年,liánnián,successive years; over many years; once again this year
连锁,liánsuǒ,chain (store etc); to interlock
连同,liántóng,together with; along with
联欢,liánhuān,have a get-together
联络,liánluò,communication; to contact
联盟,liánméng,alliance; union; coalition
联想,liánxiǎng,to associate (cognitively); to make an associative connection; mental association; word prediction and auto-complete functions of input method editing programs; abbr. for 联想集团 Lenovo Group (PRC computer firm)
廉洁,liánjié,honest; incorruptible
良心,liángxīn,conscience
谅解,liàngjiě,understanding; make an allowance for; forgive
晾,liàng,dry in the air/sun; (colloquial) snub or ignore
辽阔,liáokuò,vast; extensive
列举,lièjǔ,make a list; enumerate
临床,línchuáng,clinical
淋,lín,to drain; to drip; drench
吝啬,lìnsè,stingy; mean; miserly
伶俐,línglì,clever; witty; intelligent
灵感,línggǎn,inspiration; insight; a burst of creativity in scientific or artistic endeavor
灵魂,línghún,soul; spirit; conscience
灵敏,língmǐn,sensitive
凌晨,língchén,early in the morning
零星,língxīng,partial; scattered; fragmentary
领会,lǐnghuì,understand; comprehend; grasp
领事馆,lǐngshìguǎn,consulate
领土,lǐngtǔ,territory
领悟,lǐngwù,comprehend; grasp; fathom
领先,lǐngxiān,leadership; to lead; be in front
领袖,lǐngxiù,leader
溜,liū,slip away; to skate; to glide
留恋,liúliàn,be reluctant to leave
留念,liúniàn,to keep as a souvenir
留神,liú shén,(idiom) take care to ...; be careful of ...
流浪,liúlàng,drift about; wander
流露,liúlù,express; reveal (one's thoughts or feelings)
流氓,liúmáng,rogue; hooligan; gangster
流通,liútōng,circulate; currency
聋哑,lóngyǎ,deaf and dumb; deaf-mute
隆重,lóngzhòng,grand; prosperous; ceremonious
垄断,lǒngduàn,monopoly
笼罩,lǒngzhào,envelop; to shroud; be masked by
搂,lǒu,to hug; to embrace
炉灶,lúzào,kitchen range; cooking range; stovetop range
屡次,lǚcì,repeatedly; time and again; frequently
履行,lǚxíng,fulfill (one's obligations); carry out
掠夺,lüèduó,to plunder; rob; pillage
轮船,lúnchuán,steamship
轮廓,lúnkuò,outline; silhouette
轮胎,lúntāi,tire (of a wheel)
论坛,lùntán,forum
论证,lùnzhèng,prove a point; expound on; argumentation
啰唆,luōsuo,long-winded; wordy; troublesome; pesky
络绎不绝,luòyìbùjué,endless stream
落成,luòchéng,complete a construction project
落实,luòshí,workable; implement
麻痹,mábì,paralysis; palsy; numbness
麻木,mámù,numb
麻醉,mázuì,anesthesia
码头,mǎtou,dock; wharf
蚂蚁,mǎyǐ,ant
嘛,ma; má,(used to persuade somebody to do something); (particle indicating obviousness) | (colloqial) what?
埋伏,máifu,ambush; lie in ambush
埋没,máimò,oblivion; bury; neglect
埋葬,máizàng,bury
迈,mài,to step; stride
脉搏,màibó,pulse; throbbing
埋怨,mányuàn,complain; blame; connotes sb or sth is to blame
蔓延,mànyán,extend; spread; to creep
漫长,màncháng,very long; endless
漫画,mànhuà,comics; manga
慢性,mànxìng,slow and patient; chronic (disease)
忙碌,mánglù,be busy; bustling
盲目,mángmù,blindness; aimless
茫茫,mángmáng,boundless; vast and obscure
茫然,mángrán,unseeing; ignorant; have no knowledge of sth.
茂盛,màoshèng,exuberance; luxuriant
冒充,màochōng,pretend to be (somebody or something else); pass (somebody or something) off as; impersonate
冒犯,màofàn,to offend
枚,méi,(mw for coins; rings; medals)
媒介,méijiè,media; medium
美观,měiguān,pleasing to the eye; beautiful; artistic
美满,měimǎn,happy; blissful
美妙,měimiào,beautiful (when describing a work of art); wonderful; splendid
萌芽,méngyá,sprout; bud; germ of a plant
猛烈,měngliè,fierce; violent
眯,mī,to squint; to take a nap
弥补,míbǔ,make up for a deficiency; remedy; offset
弥漫,mímàn,fill the air; permeate; to suffuse
迷惑,míhuò,to puzzle; confuse; mystify
迷人,mírén,charming; enchanting; cute
迷信,míxìn,superstition; be superstitious
谜语,míyǔ,riddle; conundrum
密度,mìdù,density; thickness; consistency
密封,mìfēng,seal up; pressurize
棉花,miánhua,cotton
免得,miǎnde,so as not to; so as to avoid
免疫,miǎnyì,immune
勉励,miǎnlì,encourage
勉强,miǎnqiǎng,reluctantly; grudgingly; force sb. to do sth.
面貌,miànmào,appearance; looks; features
面子,miànzi,honor; reputation; prestige; face
描绘,miáohuì,describe; portray
瞄准,miáozhǔn,take aim (a weapon at a target)
渺小,miǎoxiǎo,tiny; minute; negligible
藐视,miǎoshì,treat with contempt
灭亡,mièwáng,be destroyed; perish; exterminate; become extinct
蔑视,mièshì,despise; loathe; disparage; scorn
民间,mínjiān,among the people; popular; folk
民主,mínzhǔ,democracy
敏捷,mǐnjié,nimble; agile; shrewd
敏锐,mǐnruì,keen; sharp; acute; brisk
名次,míngcì,position in a ranking of names
名额,míng'é,particular number of people; quota
名副其实,míng fù qí shí,not just in name only; but also in reality
名誉,míngyù,fame; reputation; honor; honorary
明明,míngmíng,obviously; plainly; undoubtedly
明智,míngzhì,wise
命名,mìngmíng,give a name; to dub; christen; naming
摸索,mōsuǒ,feel about; grope around; fumble
模范,mófàn,model; exemplar
模式,móshì,model; pattern; method
模型,móxíng,model; mould; matrix; pattern
膜,mó,membrane; film
摩擦,mócā,friction; clash (between two parties); conflict
磨合,móhé,adapt gradually to each other; to consult; break in; wear in
魔鬼,móguǐ,devil; demon; monster
魔术,móshù,magic
抹杀,mǒshā,write off; erase; remove from evidence
莫名其妙,mòmíngqímiào,odd; baffling; unaccountable
墨水儿,mòshuǐer,ink
默默,mòmò,in silence; not speaking
谋求,móuqiú,seek; strive for; try to get
模样,múyàng,appearance; form; approximation
母语,mǔyǔ,native/mother tongue
目睹,mùdǔ,witness; see first hand
目光,mùguāng,sight; vision; view
沐浴,mùyù,take a bath; revel; immerse
拿手,náshǒu,good at; adept
纳闷儿,nà mènr,feel puzzled; bewildered
耐用,nàiyòng,durable
南辕北辙,nányuánběizhé,at odds with; act in a way that defeats one's purpose
难得,nándé,hard to come by; difficult to get; rare
难堪,nánkān,hard to take; endure; embarrassed
难能可贵,nánnéngkěguì,estimable; extremely good
恼火,nǎohuǒ,get angry; irritated; annoy
内涵,nèihán,connotation
内幕,nèimù,inside story; non-public information; behind the scenes
内在,nèizài,intrinsic; innate
能量,néngliàng,energy; capabilities
拟定,nǐdìng,make an initial draft; draw up
逆行,nìxíng,go/drive against the traffic; go in the wrong direction; regress; retrograde
年度,niándù,year (e.g. school year; fiscal year; etc.); annual
捏,niē,to pinch (with one's fingers); knead
凝固,nínggù,curdle; freeze; solidify; congeal
凝聚,níngjù,agglomeration; agglomerate; cohesion; coherence
凝视,níngshì,gaze; stare
拧,níng,wring; to pinch
宁肯,nìngkěn,would rather ...; it would be better
宁愿,nìngyuàn,would rather; better
扭转,niǔzhuǎn,to reverse; turn around (an undesirable situation)
纽扣儿,niǔkòur,button
农历,nónglì,agricultural calendar; lunar calendar
浓厚,nónghòu,dense; thick (fog; clouds; etc.)
奴隶,núlì,slave
虐待,nüèdài,to abuse; maltreat; tyrannize
挪,nuó,shift; move
哦,ò,oh (indicates understanding)
殴打,ōudǎ,beat up; hit
呕吐,ǒutù,to vomit; retch; nausea
偶像,ǒuxiàng,Idol
趴,pā,lie on one's stomach
排斥,páichì,to reject; repulse; exclude
排除,páichú,eliminate; get rid of; remove
排放,páifàng,to discharge; emit
排练,páiliàn,to rehearse
徘徊,páihuái,pace back and forth; hesitate; waver
派别,pàibié,denomination; group; school; faction; school of thought; sect
派遣,pàiqiǎn,send (on a mission); dispatch
攀登,pāndēng,to climb; clamber; to pull oneself up
盘旋,pánxuán,spiral; coil; circle; go around
判决,pànjué,judgment (by a court of law); adjudicate
畔,pàn,riverbank; side; boundary
庞大,pángdà,enormous; huge; tremendous
抛弃,pāoqì,discard; abandon; dump (sb)
泡沫,pàomò,foam; (soap bubble); (economic) bubble
培育,péiyù,to train; nurture; to breed
配备,pèibèi,provide; outfit with
配偶,pèi'ǒu,mate; consort; spouse
配套,pèi tào,form a complete set
盆地,péndì,basin
烹饪,pēngrèn,cooking; culinary arts
捧,pěng,hold or carry with both hands facing up
批发,pīfā,wholesale
批判,pīpàn,criticize; critique
劈,pī,split in two; to divide
皮革,pígé,leather
疲惫,píbèi,beaten; exhausted; tired
疲倦,píjuàn,tired; weary
屁股,pìgu,butt; rear; rump
譬如,pìrú,for example; for instance; such as
偏差,piānchā,bias; deviation
偏见,piānjiàn,prejudice
偏僻,piānpì,remote and isolated; far from the city
偏偏,piānpiān,unexpectedly; contrary to expectations
片断,piànduàn,part; passage; extract; fragment; snatch
片刻,piànkè,a short period of time
漂浮,piāofú,superficial; float; hover; drift
飘扬,piāoyáng,wave in the wind; flutter; fly
撇,piě,left-curving stroke (丿); throw; fling
拼搏,pīnbó,struggle; wrestle
拼命,pīn mìng,risk one's life; desperately; with all one's might
贫乏,pínfá,lacking; incomplete
贫困,pínkùn,poor; impoverished
频繁,pínfán,frequently; often
频率,pínlǜ,frequency
品尝,pǐncháng,try; taste a small amount; to sample
品德,pǐndé,moral character; morality; morals
品质,pǐnzhì,quality; character
品种,pǐnzhǒng,breed; variety
平凡,píngfán,commonplace; ordinary
平面,píngmiàn,a plane (i.e. flat surface); type; category
平坦,píngtǎn,flat
平行,píngxíng,parallel; concurrent
平庸,píngyōng,mediocre
平原,píngyuán,field; plain; flatlands
评估,pínggū,evaluate
评论,pínglùn,comment on; discuss; remark
屏幕,píngmù,screen (TV; etc.)
屏障,píngzhàng,wall; barrier; protective screen
坡,pō,slope
泼,pō,to splash; to spill; rude and unreasonable; brutish
颇,pō,rather; quite; inclined to one side
迫不及待,pòbùjídài,be too impatient to wait
迫害,pòhài,persecute; persecution
破例,pòlì,make an exception
魄力,pòlì,daring resolution; boldness; courage
扑,pū,to assault; rush at; throw oneself on
铺,pù; pū,bed; store | to spread; to lay
朴实,pǔshí,plain; sober; down-to-earth
朴素,pǔsù,plain; simple; austerity
普及,pǔjí,widespread; popular; popularize
瀑布,pùbù,waterfall
凄凉,qīliáng,desolate; feel like no one likes you
期望,qīwàng,hope; expectation
期限,qīxiàn,time limit; deadline; allotted time
欺负,qīfu,to bully; intimidate
欺骗,qīpiàn,deceive; to cheat; to dupe
齐全,qíquán,complete
齐心协力,qíxīnxiélì,make concerted efforts
奇妙,qímiào,wonderful; fantastic
歧视,qíshì,discriminate (against someone)
旗袍,qípáo,cheongsam; Chinese-style dress
旗帜,qízhì,flag; banner
乞丐,qǐgài,beggar
岂有此理,qǐ yǒu cǐ lǐ,outrageous; ridiculous; absurd
企图,qǐtú,(to ) attempt; try; attempt
启程,qǐchéng,set out on a journey
启蒙,qǐméng,enlighten; enlightenment； instruct the young; to initiate
启示,qǐshì,enlightenment; revelation
启事,qǐshì,announcement; public information (usually posted on a billboard)
起草,qǐ cǎo,draft (a bill); draw up (plans)
起初,qǐchū,at first; originally; in the beginning
起伏,qǐfú,ups and downs; with a wavy motion
起哄,qǐ hòng,gather together; cause a commotion
起码,qǐmǎ,at the minimum; at the very least
起源,qǐyuán,origin; originate; come from
气概,qìgài,mettle; spirit; gumption
气功,qìgōng,Qi Gong; a system of deep breathing exercises
气魄,qìpò,spirit; daring; nerve; boldness; enterprising outlook
气色,qìsè,complexion
气势,qìshì,imposing manner; look of great force or imposing manner
气味,qìwèi,odor; scent
气象,qìxiàng,meteorology; atmosphere; phenomenon
气压,qìyā,atmospheric pressure; barometric pressure
气质,qìzhì,temperament; disposition
迄今为止,qìjīnwéizhǐ,until now; so far; to date
器材,qìcái,equipment; material
器官,qìguān,organ; apparatus
掐,qiā,pick (flowers); pinch; clutch
洽谈,qiàtán,discuss; talk over
恰当,qiàdàng,appropriate; suitable; proper
恰到好处,qià dào hǎo chù,just right; it's just perfect
恰巧,qiàqiǎo,happen by chance; coincidence
千方百计,qiān fāng bǎi jì,by every possible means
迁就,qiānjiù,humor; yield; adapt to; accommodate (something)
迁徙,qiānxǐ,migrate; move; change one's residence
牵,qiān,to lead along; to pull (an animal on a tether)
牵扯,qiānchě,implicate; involve
牵制,qiānzhì,control; curb; restrict; impede
谦逊,qiānxùn,humble; modest; humility
签署,qiānshǔ,sign (an agreement)
前景,qiánjǐng,outlook; future (prospects); foreground
前提,qiántí,premise; precondition
潜力,qiánlì,potential; capacity
潜水,qiánshuǐ,go diving
潜移默化,qiányímòhuà,exert a subtle influence on sb.'s character; thinking; etc.; impercebtibly influence; to influence secretly
谴责,qiǎnzé,denounce; condemn; criticize
强制,qiángzhì,enforce; control; coerce
抢劫,qiǎngjié,rob; looting
抢救,qiǎngjiù,rescue; to save
强迫,qiǎngpò,compel; to force
桥梁,qiáoliáng,bridge
窍门,qiàomén,special tricks
翘,qiào,stick up; bend upwards
切实,qièshí,realistic; feasible; conscientiously
锲而不舍,qiè'érbùshě,keep on chipping away; work with perseverance
钦佩,qīnpèi,admire; have great respect for
侵犯,qīnfàn,encroach on; infringe on; violation
侵略,qīnlüè,invasion; encroachment; invade
亲密,qīnmì,intimate; close; familiarity
亲热,qīnrè,intimate; affectionate; warm
勤俭,qínjiǎn,hardworking and thrifty
勤劳,qínláo,hardworking; diligent; industrious
倾听,qīngtīng,listen attentively; heed (other people's opinions)
倾向,qīngxiàng,trend; tendency; inclination
倾斜,qīngxié,incline; lean; to slant; to slope; to tilt
清澈,qīngchè,clear; limpid
清晨,qīngchén,early morning
清除,qīngchú,eliminate; get rid of
清洁,qīngjié,clean; unpolluted; purity
清理,qīnglǐ,cleanup; put in order; check up
清晰,qīngxī,clear; distinct; clarity
清醒,qīngxǐng,clear-headed; sober; regain consciousness
清真,qīngzhēn,Muslim
情报,qíngbào,intelligence; information-gathering
情节,qíngjié,plot; circumstances
情理,qínglǐ,reason; sense
情形,qíngxing,circumstances; situation
晴朗,qínglǎng,sunny and cloudless
请柬,qǐngjiǎn,invitation card; written invitation
请教,qǐngjiào,consult; seek advice
请示,qǐngshì,ask for instructions
请帖,qǐngtiě,invitation card; written invitation
丘陵,qiūlíng,hills
区分,qūfēn,differentiate; find differing aspects; find the difference between
区域,qūyù,area; region; district
曲折,qūzhé,winding; zigzag; complicated
驱逐,qūzhú,banishment; expel; deport
屈服,qūfú,yield; give in; submit
渠道,qúdào,irrigation ditch; medium or channel of communication
曲子,qǔzi,folk tune; music; melody
取缔,qǔdì,to ban; suppress
趣味,qùwèi,fun; interest; delight; taste
圈套,quāntào,trap
权衡,quánhéng,trade-off; weigh pros and cons
权威,quánwēi,authority; authoritative
全局,quánjú,overall situation
全力以赴,quán lì yǐ fù,do at all costs; make an all-out effort
拳头,quántou,fist
犬,quǎn,dog (Kangxi radical 94)
缺口,quēkǒu,gap; breach; shortfall
缺席,quē xí,absence; absent; default
缺陷,quēxiàn,a defect; a flaw; disfigurement
瘸,qué,lame
确保,quèbǎo,ensure; guarantee
确立,quèlì,to establish; to institute
确切,quèqiè,definite; exact; precise
确信,quèxìn,confident; be certain of; to firmly believe
群众,qúnzhòng,the masses; multitude
染,rǎn,dye; to catch (a disease)
嚷,rǎng,blurt out; shout
让步,ràng bù,give in; concede; yield
饶恕,ráoshù,forgive; pardon; spare
扰乱,rǎoluàn,disturb; perturb; harass
惹祸,rěhuò,stir up troubles
热泪盈眶,rè lèi yíng kuàng,(saying) eyes brimming with tears; extremely moved
热门,rèmén,in demand; popular; in vogue
人道,réndào,humanitarianism; humane
人格,réngé,personality; moral integrity; character
人工,réngōng,man-made; manpower; manual work
人家,rénjiā,other people; others; they; I; family; household
人间,rénjiān,man's world; the world
人士,rénshì,person; public figure
人为,rénwéi,artificial; man-made
人性,rénxìng,human nature; humanity
人质,rénzhì,hostage
仁慈,réncí,benevolent; kindhearted; charitable
忍耐,rěnnài,show restraint; endure; exercise patience
忍受,rěnshòu,to bear; endure; tolerate
认定,rèndìng,maintain (that sth. is true); firmly believe
认可,rènkě,approve; accept; ratify
任命,rènmìng,appoint and nominate
任性,rènxìng,willful; headstrong
任意,rènyì,arbitrarily; at will; at random
任重道远,rènzhòngdàoyuǎn,lit. a heavy load and a long road; fig. to bear heavy responsibilities through a long struggle; shoulder heavy responsibilities
仍旧,réngjiù,still (remaining); remain (the same); yet
日新月异,rìxīnyuèyì,change with each passing day
日益,rìyì,day by day; more and more; increasingly
荣幸,róngxìng,honored
荣誉,róngyù,honor; glory
容貌,róngmào,facial features; looks; appearance
容纳,róngnà,contain; accommodate; tolerate (different options)
容器,róngqì,container; receptacle; vessel
容忍,róngrěn,put up with; tolerate; condone
溶解,róngjiě,dissolve; solution
融化,rónghuà,melt; thaw; dissolve; blend into
融洽,róngqià,harmonious; friendly relations
柔和,róuhé,gentle; soft; mild
揉,róu,knead; to massage; to rub
儒家,rújiā,Confucianism
若干,ruògān,a certain number or amount; how many; how much
弱点,ruòdiǎn,weak point; failing
撒谎,sā huǎng,to tell lies
散文,sǎnwén,prose; essay
散布,sànbù,to scatter; disseminate; to spread
散发,sànfā,distribute; emit
丧失,sàngshī,to lose; to forfeit
骚扰,sāorǎo,harass; disturb; molest; cause a commotion
嫂子,sǎozi,(informal) elder brother's wife; sister-in-law
刹车,shā chē,brake (when driving); stop; switch off
啥,shá,(spoken) what
筛选,shāixuǎn,to filter; to sift
山脉,shānmài,mountain range
闪烁,shǎnshuò,to twinkle; to flicker; glimmer
擅长,shàncháng,be good at; be expert in
擅自,shànzì,unauthorized
伤脑筋,shāng nǎojīn,troublesome; bothersome
商标,shāngbiāo,trademark; logo
上级,shàngjí,higher authorities; superiors
上进,shàngjìn,make forward progress; do better
上任,shàng rèn,take office
上瘾,shàngyǐn,become addicted; get into a habit
上游,shàngyóu,upper reaches (of a river); advanced position
尚且,shàngqiě,yet; still; even; also
捎,shāo,bring or take (along); deliver (a message)
梢,shāo,tip of a branch
哨,shào,a whistle; sentry post
奢侈,shēchǐ,luxury; sumptuous; extravagant
舌头,shétou,tongue
设立,shèlì,set up; establish
设想,shèxiǎng,imagine; consider; tentative plan
设置,shèzhì,set up; install; to fit
社区,shèqū,community
涉及,shèjí,involve; relate to; to touch upon (a topic)
摄氏度,shèshìdù,degrees Celsius
申报,shēnbào,declare; report (to customs or other authority)
呻吟,shēnyín,to moan; to groan
绅士,shēnshì,gentleman
深奥,shēn'ào,profound; deep
深沉,shēnchén,deep; extreme; low pitched (sound); grave; of major importance
深情厚谊,shēnqínghòuyì,profound friendship
神经,shénjīng,nerve
神奇,shénqí,miraculous; magical; mystical
神气,shénqì,expression; manner; spirited
神圣,shénshèng,divine; holy; sacred
神态,shéntài,appearance; looks; manner; expression
神仙,shénxiān,fig. lighthearted person; Daoist immortal; supernatural entity; (in modern fiction) fairy; elf; leprechaun; etc.; supernatural being; celestial being; immortal; a person who has the power of clairvoyance or who is free from worldly cares
审查,shěnchá,examine; investigate; censorship
审理,shěnlǐ,hear (a case)
审美,shěnměi,aesthetic sense; appreciation of the arts
审判,shěnpàn,put (someone) to trial; to try somebody
渗透,shèntòu,infiltrate; permeate
慎重,shènzhòng,cautious; careful; prudent
生存,shēngcún,exist; survive
生机,shēngjī,reprieve from death; life force; vitality
生理,shēnglǐ,physiology
生疏,shēngshū,unfamiliar; strange; out of practice
生态,shēngtài,way of life; ecology
生物,shēngwù,organism; living creature; life form
生肖,shēngxiào,Chinese zodiac
生效,shēng xiào,take effect; become effective
生锈,shēngxiù,to rust
生育,shēngyù,give birth; to rear; bring up (children)
声明,shēngmíng,statement; declare; proclaim
声势,shēngshì,momentum; fame and power; prestige
声誉,shēngyù,reputation; fame
牲畜,shēngchù,livestock; domesticated animals
省会,shěnghuì,provincial capital
胜负,shèngfù,victory or defeat; the outcome of a battle
盛产,shèngchǎn,abound in; teem with; superabundant
盛开,shèngkāi,to bloom; be in full flower
盛情,shèngqíng,great kindness; boundless hospitality
盛行,shèngxíng,in fashion; prevalent; prevail
尸体,shītǐ,dead body; corpse; carcass
失事,shī shì,be involved in a crash; (have an) accident
失误,shīwù,mistake; lapse; miss
失踪,shī zōng,be missing; be unaccounted for
师范,shīfàn,teacher-training; pedagogical; normal (school)
施加,shījiā,exert (effort or pressure)
施展,shīzhǎn,use fully; put to good use
十足,shízú,full of; complete; 100 percent
石油,shíyóu,oil; petroleum
时常,shícháng,time and again; often; frequently
时而,shí'ér,occasionally; often; but not at any fixed time
时光,shíguāng,time; era; period of time
时机,shíjī,opportune time; opportunity
时事,shíshì,current events; the present situation
识别,shíbié,identify; distinguish; discern
实惠,shíhuì,substantial material benefit; advantageous (deal)
实力,shílì,strength
实施,shíshī,to implement; put into effect; carry out
实事求是,shí shì qiú shì,be practical and realistic; seek truth from facts
实行,shíxíng,to implement; put into practice; carry out
实质,shízhì,substance; essence; gist
拾,shí,pick up; ten (banker's anti-fraud numeral)
使命,shǐmìng,a (diplomatic or other) mission
示范,shìfàn,demonstrate; lead the way; show how something is done
示威,shìwēi,hold a protest demonstration
示意,shìyì,to signal; to hint; to gesture; to motion; to indicate (an idea to sb)
世代,shìdài,for generations; generation to generation
势必,shìbì,is bound to (happen)
势力,shìli,power; influence
事故,shìgù,accident
事迹,shìjì,achievement; deed
事件,shìjiàn,event; happening; incident
事态,shìtài,situation; existing state of affairs
事务,shìwù,affairs; work
事项,shìxiàng,matter; item
事业,shìyè,undertaking; project; cause; enterprise
试图,shìtú,to try; to attempt
试验,shìyàn,experiment; test
视力,shìlì,vision; eyesight
视频,shìpín,video
视线,shìxiàn,line of sight; view line
视野,shìyě,field of vision
是非,shìfēi,right and wrong; truth and fiction; quarrel
适宜,shìyí,suitable for; appropriate for
逝世,shìshì,pass away; to die
释放,shìfàng,release; set free; liberate (a prisoner)
收藏,shōucáng,collect; keep
收缩,shōusuō,pull back; shrink
收益,shōuyì,earnings; profit
收音机,shōuyīnjī,radio
手法,shǒufǎ,technique; trick; skill; tact
手势,shǒushì,gesture; sign; signal
手艺,shǒuyì,craft; workmanship; one's cooking
守护,shǒuhù,guard; defend; protect
首饰,shǒushì,jewelry
首要,shǒuyào,the most important; chief; principal
受罪,shòuzuì,endure hardships; have a hard time
授予,shòuyǔ,to award; confer
书法,shūfǎ,calligraphy; penmanship
书籍,shūjí,books; works
书记,shūji,secretary; clerk
书面,shūmiàn,in writing; written (guarantee; etc.)
舒畅,shūchàng,happy; entirely free from worry
疏忽,shūhu,neglect; overlook; negligence
疏远,shūyuǎn,drift apart; keep at a distance; not in close touch; estranged
束,shù,to tie; to bind; restrain; (mw for bunches; bundles; bouquets; etc.)
束缚,shùfù,to bind; restrict; to tie
树立,shùlì,set up; establish
竖,shù,vertical; to erect; vertical stroke
数额,shù'é,amount; sum of money; fixed number
耍,shuǎ,play/mess around with; juggle
衰老,shuāilǎo,grow old; age; deteriorate
衰退,shuāituì,decline; fall; drop; falter
率领,shuàilǐng,lead; command; head
涮火锅,shuànhuǒguō,to instant-boil (mutton; beef; vegetables; etc.)
双胞胎,shuāngbāotāi,twins
爽快,shuǎngkuài,refreshed; rejuvenated; frank
水利,shuǐlì,water conservancy; irrigation works
水龙头,shuǐlóngtóu,faucet; tap
水泥,shuǐní,cement
瞬间,shùnjiān,in the twinkling of an eye; in an instant; momentary
司法,sīfǎ,judicial; (administration of) justice
司令,sīlìng,commanding officer
私自,sīzì,private; secretly; without permission
思念,sīniàn,think of; long for; to miss
思索,sīsuǒ,think deeply; ponder
思维,sīwéi,(line) of thought; thinking
斯文,sīwen,refined; educated; cultured; intellectual; men of letters; scholars; literati; polite; gentle
死亡,sǐwáng,to die; death; be dead
四肢,sìzhī,arms and legs; the four limbs of the body
寺庙,sìmiào,temple; monastery
饲养,sìyǎng,to raise; to rear (domestic animal)
肆无忌惮,sìwújìdàn,absolutely unrestrained; unbridled; without the slightest scruple
耸,sǒng,shrug; towering; shock (alarm)
艘,sōu,(mw for boats and ships)
苏醒,sūxǐng,wake up; regain consciousness
俗话,súhuà,common saying; proverb
诉讼,sùsòng,lawsuit
素食,sùshí,vegetables; vegetarian food
素质,sùzhì,inner quality; basic essence; character quality
塑造,sùzào,to shape; mould; figure
算数,suànshù,(do) arithmetic; count
随即,suíjí,immediately (after); soon after; immediately
随意,suíyì,as one wishes; according to one's wishes
岁月,suìyuè,the years of a person's life
隧道,suìdào,tunnel
损坏,sǔnhuài,to damage; injure
索取,suǒqǔ,demand; ask for; to exact
索性,suǒxìng,you might as well (do it); simply; just; frankly; bluntly; directly
塌,tā,collapse; fall down; crumple
踏实,tāshi,practical; down-to-earth; realistic; feel at ease; steadfast
塔,tǎ,pagoda; tower
台风,táifēng,typhoon
太空,tàikōng,outer space
泰斗,tàidǒu,leading scholar of his time; magnate
贪婪,tānlán,greedy; avaricious
贪污,tānwū,(political; moral) corruption; embezzle
摊,tān,to spread out; vendor's stand; booth; fry; (mw for puddles)
瘫痪,tānhuàn,paralysis
弹性,tánxìng,flexibility; elasticity
坦白,tǎnbái,honest; forthcoming; to confess
叹气,tàn qì,to sigh
探测,tàncè,probe; take readings; detect; explore
探索,tànsuǒ,explore; quest
探讨,tàntǎo,inquire into; explore
探望,tànwàng,pay a visit; look around
倘若,tǎngruò,provided that; supposing that; if; in case
掏,tāo,fish out (from pocket)
滔滔不绝,tāotāo bù jué,(saying) talking non-stop; gushing; torrential
陶瓷,táocí,ceramics; pottery and porcelain
陶醉,táozuì,be intoxicated (with power; success; etc.)
淘汰,táotài,eliminate (in a competition); natural selection; die/phase out
讨好,tǎohǎo,to flatter
特长,tècháng,strong point; specialty
特定,tèdìng,special; specific; designated
特意,tèyì,specially for; with the special intention of
提拔,tíbá,promote to a higher job; elevate
提炼,tíliàn,extract (ore; minerals; etc.); refine; purify
提示,tíshì,to prompt; to present; to point out; to draw attention to sth; hint; brief; cue
提议,tíyì,propose; suggest
题材,tícái,subject matter
体裁,tǐcái,types or forms of literature
体积,tǐjī,volume; bulk
体谅,tǐliàng,empathize; express sympathy; allow (for something)
体面,tǐmiàn,dignity; honorable; face
体系,tǐxì,system; setup
天才,tiāncái,talent; gift; a genius; talented
天赋,tiānfù,natural talent
天伦之乐,tiānlúnzhīlè,family happiness
天然气,tiānránqì,natural gas
天生,tiānshēng,innate; inherent; natural
天堂,tiāntáng,paradise; heaven
天文,tiānwén,astronomy
田径,tiánjìng,track and field
田野,tiányě,field; open country
舔,tiǎn,to lick
挑剔,tiāoti,picky; fastidious
条款,tiáokuǎn,clause (of contract or law)
条理,tiáolǐ,consecutive; arrangement; orderliness
条约,tiáoyuē,treaty; pact
调和,tiáohé,harmonious; harmony
调剂,tiáojì,make an adjustment
调节,tiáojié,adjust; regulate; reconcile
调解,tiáojiě,mediation; bring together to an agreement
调料,tiáoliào,seasoning; flavoring
挑拨,tiǎobō,incite disharmony; provoke; stir up tension in others
挑衅,tiǎoxìn,provoke; defiance
跳跃,tiàoyuè,jump; leap; bound; skip
亭子,tíngzi,pavilion; kiosk
停泊,tíngbó,anchor; mooring (of a ship)
停顿,tíngdùn,pause; halt
停滞,tíngzhì,stagnation; be at a standstill; bogged down
挺拔,tǐngbá,tall and straight
通货膨胀,tōnghuò péngzhàng,inflation
通缉,tōngjī,order the arrest of a criminal
通俗,tōngsú,popular; common; everyday; average; vulgar
通讯,tōngxùn,communication; correspondence; news dispatch
通用,tōngyòng,in common use; interchangeable; General Motors
同胞,tóngbāo,compatriot; fellow countryman
同志,tóngzhì,comrade; gay (slang)
铜,tóng,copper
童话,tónghuà,fairy tale
统筹兼顾,tǒngchóujiāngù,take every aspects into consideration through plan and preparation
统计,tǒngjì,statistics; to tally; to add up
统统,tǒngtǒng,totally; completely
统治,tǒngzhì,to rule (a country); govern; governance
投机,tóujī,speculate (on financial markets); congenial; opportunistic
投票,tóupiào,vote; poll
投诉,tóusù,make a complaint; appeal to a court
投降,tóuxiáng,to surrender
投掷,tóuzhì,throw something a long distance; hurl
透露,tòulù,divulge; to reveal; leak out
秃,tū,bald; blunt
突破,tūpò,break through; breakthrough
图案,tú'àn,design; pattern
徒弟,túdì,disciple
途径,tújìng,way; channel
涂抹,túmǒ,scribble; smear; doodle
土壤,tǔrǎng,soil; earth
团结,tuánjié,unite; hold a rally; join forces
团体,tuántǐ,group; organization; team
团圆,tuányuán,have a reunion; reunite as a family
推测,tuīcè,speculate; conjecture; surmise
推翻,tuīfān,overthrow; topple
推理,tuīlǐ,reasoning; speculative; inference
推论,tuīlùn,infer; a deduction; a corollary
推销,tuīxiāo,to market; sell
吞吞吐吐,tūntūntǔtǔ,hum and haw (idiom); mumble as if hiding something; speak and break off; then start again; to hold something back
托运,tuōyùn,check in (baggage); consign for shipment
拖延,tuōyán,prolong; protraction; delay; stall; procrastinate
脱离,tuōlí,to separate oneself from; to break away from; be divorced from; diastasis (medicine); abscission; abjunction (botany)
妥当,tuǒdang,appropriate; proper; pertinence
妥善,tuǒshàn,appropriate; proper; well-arranged
妥协,tuǒxié,to compromise; reach terms
椭圆,tuǒyuán,ellipse; oval
唾弃,tuòqì,cast aside; spurn
挖掘,wājué,excavate; dig; unearth
哇,wa,wow; (sound of crying or surprise)
娃娃,wáwa,baby; child; doll
瓦解,wǎjiě,collapse; disintegrate; crumble
歪曲,wāiqū,to distort; to misrepresent; to twist; crooked; askew; aslant
外表,wàibiǎo,outward appearance; external; outside
外行,wàiháng,layman; amateur; nonprofessional
外界,wàijiè,the outside world; external
外向,wàixiàng,extroverted; export-oriented (economy)
丸,wán,pill; pellet
完备,wánbèi,complete; perfect
完毕,wánbì,finish; end; complete
玩弄,wánnòng,resort to; play with; engage in
玩意儿,wányìr,thing; toy; gadget
顽固,wángù,stubborn; obstinate
顽强,wánqiáng,tenacious; hard to defeat
挽回,wǎnhuí,reverse or salvage (a situation); redeem; retrieve
挽救,wǎnjiù,to rescue; retrieve; to remedy
惋惜,wǎnxī,feel sorry for a person; sympathize; to regret
万分,wànfēn,very much; extremely
往常,wǎngcháng,habitually in the past; as one used to do; as it used to be
往事,wǎngshì,the past events; former happenings
妄想,wàngxiǎng,vainly hope; wishful thinking; delusion
危机,wēijī,crisis
威风,wēifēng,awe-inspiring authority; power and prestige; impressive force
威力,wēilì,might; power that invokes fear
威望,wēiwàng,prestige
威信,wēixìn,prestige; reputation; veneration; authority; trust
微不足道,wēi bù zú dào,negligible; insignificant; not worth mentioning
微观,wēiguān,microscopic; sub atomic
为难,wéinán,make things difficult for someone; embarrassed
为期,wéiqī,be scheduled for; last for (a certain duration)
违背,wéibèi,violate; go against
唯独,wéidú,only; just (i.e. it is only that ...); alone
维持,wéichí,maintain; preserve
维护,wéihù,defend; to safeguard; defense; maintain
维生素,wéishēngsù,vitamin
伪造,wěizào,forge; to fake; to counterfeit
委托,wěituō,to entrust; to trust; to ensign; to commission
委员,wěiyuán,committee member; committee; council
卫星,wèixīng,satellite
未免,wèimiǎn,(of something that one finds has gone too far); rather a bit too
畏惧,wèijù,to fear; foreboding
喂,wèi; wéi,hey; to feed | hello (on the phone)
蔚蓝,wèilán,azure; sky blue
慰问,wèiwèn,to express sympathy; consolation; extend regards to; salute
温带,wēndài,temperate zone
温和,wēnhé,moderate; warm; (-huo: lukewarm)
文凭,wénpíng,diploma
文物,wénwù,cultural relic; historical relic
文献,wénxiàn,document; literature
文雅,wényǎ,elegant; refined
文艺,wényì,literature and art
问世,wènshì,be published; to come out
窝,wō,nest; den
乌黑,wūhēi,jet-black; pitch-black
污蔑,wūmiè,to slander
诬陷,wūxiàn,entrap; to frame; plant false evidence against sb.
无比,wúbǐ,matchless; incomparable
无偿,wúcháng,free; no charge; at no cost
无耻,wúchǐ,without any sense of shame; shameless; audaciousness
无动于衷,wúdòngyúzhōng,aloof; indifferent; unconcerned; untouched
无非,wúfēi,nothing but; only
无辜,wúgū,innocent
无精打采,wújīngdǎcǎi,listless; be dispirited; in low spirits
无赖,wúlài,hoodlum; rascal; rogue; rascally; scoundrelly
无理取闹,wúlǐqǔnào,to make trouble without reason (idiom); wilfully make trouble; to be deliberately provocative; deliberately awkward; pointless provocation
无能为力,wú néng wéi lì,incapable of action; powerless; impotent
无穷无尽,wúqióngwújìn,vast and limitless; endless span of time; no vestige of a beginning; no prospect of an end
无微不至,wú wēi bú zhì,in every possible way; meticulously
无忧无虑,wúyōuwúlǜ,carefree and without worries
无知,wúzhī,ignorance
武器,wǔqì,weapon; arms
武侠,wǔxiá,knight-errant; a genre of swordplay martial arts movies and books
武装,wǔzhuāng,arms; equipment; to arm
侮辱,wǔrǔ,to insult; humiliate
舞蹈,wǔdǎo,a dance
务必,wùbì,must; need to; be sure to
物美价廉,wùměijiàlián,attractive goods at inexpensive prices
物业,wùyè,property management
物资,wùzī,goods and materials; commodity
误差,wùchā,difference; error; inaccuracy
误解,wùjiě,misunderstand; misread
夕阳,xīyáng,setting sun
昔日,xīrì,formerly; in olden days
牺牲,xīshēng,sacrifice (one's life; etc.)
溪,xī,creek
熄灭,xīmiè,extinguish; go out (of fire); die out; extinction
膝盖,xīgài,knee
习俗,xísú,custom; tradition; (local) convention
袭击,xíjī,surprise attack; to raid
媳妇,xífù,daughter-in-law; son's wife
喜闻乐见,xǐwénlèjiàn,a delight to see (idiom); an attractive spectacle
喜悦,xǐyuè,happy; joyous
系列,xìliè,series
细胞,xìbāo,cell (biology)
细菌,xìjūn,bacteria; virus; germ
细致,xìzhì,delicate; meticulous
峡谷,xiágǔ,canyon; ravine; gorge
狭隘,xiá'ài,narrow; tight; narrow (minded); lacking in experience
狭窄,xiázhǎi,narrow
霞,xiá,red clouds
下属,xiàshǔ,subordinate; underling
先进,xiānjìn,advanced (technology); to advance
先前,xiānqián,before; previously
纤维,xiānwéi,fiber
掀起,xiānqǐ,lift; raise in height
鲜明,xiānmíng,bright; clear-cut; distinct
闲话,xiánhuà,gossip; digression
贤惠,xiánhuì,virtuous and dutiful (of women)
弦,xián,bow string; string of musical instruments
衔接,xiánjiē,to join together; to combine
嫌,xián,to dislike; suspicion; grudge
嫌疑,xiányí,suspicion; (be) suspected (of)
显著,xiǎnzhù,notable; marked; outstanding; remarkable
现场,xiànchǎng,scene (of event or incident); on the spot
现成,xiànchéng,ready-made; off-the-shelf
现状,xiànzhuàng,current situation; status quo
线索,xiànsuǒ,trail; clues; hints; thread (of a story)
宪法,xiànfǎ,constitution; charter
陷害,xiànhài,cast blame on; to frame
陷阱,xiànjǐng,trap; snare
陷入,xiànrù,sink into; get caught up in; land in (a predicament)
馅儿,xiànr,stuffing; filling
乡镇,xiāngzhèn,village and town
相差,xiāngchà,differ; difference
相等,xiāngděng,be equal to; equally; equivalent
相辅相成,xiāngfǔxiāngchéng,supplement and complement each other
相应,xiāngyìng,correspond; relevant
镶嵌,xiāngqiàn,inlay
响亮,xiǎngliàng,loud and clear; resounding
响应,xiǎngyìng,respond to; answer
想方设法,xiǎng fāng shè fǎ,(saying) think of or try every possible method; by all means possible
向导,xiàngdǎo,guide
向来,xiànglái,always; all along
向往,xiàngwǎng,yearn for; look forward to
巷,xiàng,lane; alley
相声,xiàngsheng,comic dialogue; crosstalk
削,xuē,to pare/peel with a knife; to cut; to chop
消除,xiāochú,eliminate; remove; clear up (abstract things）
消毒,xiāo dú,disinfect; sterilize
消防,xiāofáng,fire-fighting; fire prevention and control
消耗,xiāohào,use up; consume
消灭,xiāomiè,eliminate; perish; wipe out
销毁,xiāohuǐ,destroy (by melting or burning)
潇洒,xiāosǎ,free and easy
小心翼翼,xiǎoxīn yìyì,carefully; cautiously; with great care
肖像,xiàoxiàng,portrait
效益,xiàoyì,benefit；results
协会,xiéhuì,an association; a society
协商,xiéshāng,consult with; talk things over
协调,xiétiáo,coordinate; harmonize
协议,xiéyì,agreement; pact; protocol
协助,xiézhù,assist; to help
携带,xiédài,take with; portable
泄露,xièlòu,leak (information); divulge
泄气,xièqì,despair; feel like giving up/disappointing; pathetic
屑,xiè,crumbs; filings; worth while
谢绝,xièjué,politely refuse
心得,xīndé,knowledge gained
心甘情愿,xīngānqíngyuàn,totally willing; perfectly happy to
心灵,xīnlíng,heart; soul; smart; quick-witted
心态,xīntài,pyschology; mentality; spirit
心疼,xīnténg,love dearly; the pain of love
心血,xīnxuè,heart and blood; painstaking effort; meticulous care
心眼儿,xīnyǎnr,one's thoughts; mind; intention; willingness to accept new ideas
辛勤,xīnqín,hardworking; diligent; industrious
欣慰,xīnwèi,be gratified; satisfied
欣欣向荣,xīnxīn xiàng róng,flourishing; thriving; prosperous
新陈代谢,xīn chén dàixiè,metabolism (bio); (saying) the new replaces the old
新郎,xīnláng,bridegroom; groom
新娘,xīnniáng,bride
新颖,xīnyǐng,new and original; novel
薪水,xīnshuǐ,salary; wage; pay; stipend
信赖,xìnlài,trust; have confidence in; confide
信念,xìnniàn,faith; belief; conviction
信仰,xìnyǎng,firm belief; faith; believe in (a religion)
信誉,xìnyù,reputation; prestige; trust
兴隆,xīnglóng,prosperous; flourishing
兴旺,xīngwàng,prosperous; thriving; to prosper
腥,xīng,fishy (smell)
刑事,xíngshì,criminal; penal
行政,xíngzhèng,administration; administrative
形态,xíngtài,shape; form; pattern
兴高采烈,xìng gāo cǎi liè,in high spirits
兴致勃勃,xìngzhìbóbó,in high spirits
性感,xìnggǎn,sex appeal; sexy; sexuality
性命,xìngmìng,life
性能,xìngnéng,function; performance
凶恶,xiōng'è,fierce; ferocious; menacing
凶手,xiōngshǒu,murderer; assassin; assailant
汹涌,xiōngyǒng,(used in reference to an ocean; river; lake etc.) violently surge up; turbulent
胸怀,xiōnghuái,think about; heart; one's bosom (the seat of emotions); breast; broad-minded and open
胸膛,xiōngtáng,chest
雄厚,xiónghòu,abundant; strong and solid; rich
雄伟,xióngwěi,grand; majestic
修复,xiūfù,restoration; repair
修建,xiūjiàn,to build; to construct; renovate
修养,xiūyǎng,accomplishment; self-cultivation
羞耻,xiūchǐ,(a feeling of) shame
绣,xiù,embroider; embroidery
嗅觉,xiùjué,sense of smell; scent
须知,xūzhī,prerequisites; knowledge requirement
虚假,xūjiǎ,false; phony; pretense; deceit
虚荣,xūróng,vanity
虚伪,xūwěi,false; hypocritical; artificial; sham
需求,xūqiú,requirement; demand (economics)
许可,xǔkě,allow; permit; permission
序言,xùyán,preface of a book; used to explain the book's objective
畜牧,xùmù,raise animals
酗酒,xùjiǔ,heavy drinking; drink to excess; binge drink
宣誓,xuān shì,swear an oath (of office); make a vow
宣扬,xuānyáng,publicize; make public or well known
喧哗,xuānhuá,cause a scene
悬挂,xuánguà,suspend; hang; suspension (cable car)
悬念,xuánniàn,reader's involvement; suspense in a movie; place etc
悬殊,xuánshū,a wide gap; big contrast; large disparity; a mismatch
悬崖峭壁,xuányáqiàobì,cliffside
旋律,xuánlǜ,melody; tune; rhythm
旋转,xuánzhuǎn,to whirl; to spin; rotate
选拔,xuǎnbá,select the best; choose
选举,xuǎnjǔ,elect; election
选手,xuǎnshǒu,athlete; contestant; player
炫耀,xuànyào,to show off; flaunt
削弱,xuēruò,weaken; to cripple
学说,xuéshuō,theory; doctrine
学位,xuéwèi,academic degree; educational level
雪上加霜,xuěshàngjiāshuāng,(literally) add frost to snow; one disaster after another; insult added to injury
血压,xuèyā,blood pressure
熏陶,xūntáo,to influence (positively)
寻觅,xúnmì,to seek; to look for
巡逻,xúnluó,to patrol (police; army or navy)
循环,xúnhuán,circular cycle; loop; circulate
循序渐进,xún xù jiàn jìn,make steady progress incrementally; step by step program
压迫,yāpò,oppress
压岁钱,yāsuìqián,gifts of money given to children during the Spring Festival
压缩,yāsuō,to compress
压抑,yāyì,constrain or repress one's emotions; inhibition; repressive
压榨,yāzhà,to press; to squeeze; to extract juice; oil; etc. by squeezing
压制,yāzhì,suppress; inhibit; stifle
鸦雀无声,yāquèwúshēng,not even a crow or sparrow can be heard (idiom); silence reigns
亚军,yàjūn,second place; runner-up
烟花爆竹,yānhuābàozhú,fireworks and crackers
淹没,yānmò,submerge; drown; to flood
延期,yán qī,delay; extend; postpone
延伸,yánshēn,extend; spread; stretch
延续,yánxù,continue; last longer
严寒,yánhán,bitter cold; severe winter
严禁,yánjìn,strictly prohibit; forbid
严峻,yánjùn,grim; severe; rigorous; harsh
严厉,yánlì,strict; severe
严密,yánmì,strict; closely-knit; tight
言论,yánlùn,expression of (political) opinion; speech
岩石,yánshí,rock; stone
炎热,yánrè,blistering hot; sizzling hot (weather)
沿海,yánhǎi,coastal
掩盖,yǎngài,conceal; cover up; hide behind
掩护,yǎnhù,cover; shield; screen
掩饰,yǎnshì,conceal a fault; gloss over
眼光,yǎnguāng,vision
眼色,yǎnsè,a wink; signal with one's eyes
眼神,yǎnshén,expression or emotion showing in one's eyes
演变,yǎnbiàn,develop; evolve
演习,yǎnxí,rehearse; practice; put on a play
演绎,yǎnyì,deduction; to deduce; to infer
演奏,yǎnzòu,give an instrumental performance
厌恶,yànwù,loathe; to hate; detest
验收,yànshōu,inspect and then accept (i.e. received goods
验证,yànzhèng,inspect and verify
氧气,yǎngqì,oxygen
样品,yàngpǐn,sample; specimen
谣言,yáoyán,rumor
摇摆,yáobǎi,to waver; to wag; to sway
摇滚,yáogǔn,rock and roll
遥控,yáokòng,remote control
遥远,yáoyuǎn,distant; remote
要点,yàodiǎn,main point; essential
要命,yàomìng,cause somebody's death; very; extremely; frighteningly; annoyance
要素,yàosù,essential factor; key constituent
耀眼,yàoyǎn,dazzle; to shine
野蛮,yěmán,barbarous; uncivilized; cruel; wild
野心,yěxīn,ambition; wild schemes or ambitions; careerism
液体,yètǐ,liquid
一度,yídù,for a time; at one time; one time; once
一帆风顺,yìfānfēngshùn,(saying) smooth sailing
一贯,yíguàn,consistent; constant; from start to finish; then as now
一举两得,yìjǔliǎngdé,kill two birds with one stone; (literally) attain two objectives with a single move
一流,yīliú,top-grade
一目了然,yímùliǎorán,obvious at a glance
一如既往,yìrújìwǎng,just as in the past (idiom); as before; continuing as always
一丝不苟,yìsībùgǒu,(literally) not one thread loose; strictly according to the rules; meticulous
一向,yíxiàng,all along; the whole time; constantly; always
衣裳,yīshang,clothes
依旧,yījiù,as before; still
依据,yījù,according to; basis; foundation
依靠,yīkào,rely on; depend on
依赖,yīlài,depend on; be dependent on
依托,yītuō,rely on; depend on
仪器,yíqì,apparatus; (scientific) instrument
仪式,yíshì,ceremony
遗产,yíchǎn,heritage; legacy
遗传,yíchuán,inherit; hereditary
遗留,yíliú,legacy; left over; hand down
遗失,yíshī,lose; lose due to carelessness
疑惑,yíhuò,(a sense of) uncertainty; to feel unsure about something; uncertainty
以便,yǐbiàn,so that; in order to
以免,yǐmiǎn,so as not to; in order to avoid; lest
以往,yǐwǎng,in the past; formerly
以至,yǐzhì,down to; up to; to such an extent as to...
以致,yǐzhì,so that; as a result
亦,yì,also
异常,yìcháng,exceptional; abnormal
意料,yìliào,expectation; to anticipate; to think ahead
意识,yìshi,realize; consciousness; awareness; sense
意图,yìtú,intent; intention; intend
意味着,yìwèizhe,signify; to mean; imply
意向,yìxiàng,will; intent; disposition
意志,yìzhì,will; willpower; determination
毅力,yìlì,willpower; perseverance; will; stamina; tenacity
毅然,yìrán,without hesitation; resolutely; firmly
翼,yì,wings; fins on fish; shelter
阴谋,yīnmóu,a plot; a conspiracy
音响,yīnxiǎng,(Electronic) speakers; acoustics; sound field (i.e.; in a room or theater)
引导,yǐndǎo,to guide; to conduct; introduction
引擎,yǐnqíng,engine
引用,yǐnyòng,quote; cite
饮食,yǐnshí,food and drink; diet
隐蔽,yǐnbì,conceal; hide; covert; under cover; Take cover!
隐患,yǐnhuàn,hidden danger
隐瞒,yǐnmán,conceal; hide; (a taboo subject); cover up the truth
隐私,yǐnsī,privacy; personal secret
隐约,yǐnyuē,vague; faint; indistinct
英明,yīngmíng,wise; brilliant
英勇,yīngyǒng,bravery; heroic; valiant; gallant
婴儿,yīng'ér,baby infant
迎面,yíng miàn,face to face; headlong; in one's face
盈利,yínglì,profit; gain
应酬,yìngchou,socialize with; a social engagement
应邀,yìngyāo,at sb.'s invitation
拥护,yōnghù,to support; endorse
拥有,yōngyǒu,have; possess
庸俗,yōngsú,filthy; vulgar; debased
永恒,yǒnghéng,eternal; everlasting
勇于,yǒngyú,have the courage to; be brave enough
涌现,yǒngxiàn,spring up; emerge prominently
踊跃,yǒngyuè,eager; enthusiastically
用户,yònghù,user; consumer; subscriber; customer
优胜劣汰,yōushèngliètài,survival of the fittest
优先,yōuxiān,priority; preferential
优异,yōuyì,exceptional; excellent; outstandingly good
优越,yōuyuè,superior; superiority
忧郁,yōuyù,melancholy; dejected
犹如,yóurú,just as; similar to; appearing to be
油腻,yóunì,greasy or oily (food)
油漆,yóuqī,oil paint; varnish
有条不紊,yǒutiáobùwěn,in an orderly way; methodically; systematically; methodical
幼稚,yòuzhì,childish; naïve; immature
诱惑,yòuhuò,tempt; temptation; entice; lure; attract
渔民,yúmín,fisherman; fisher folk
愚蠢,yúchǔn,silly; stupid
愚昧,yúmèi,ignorant; benighted
舆论,yúlùn,public opinion
与日俱增,yǔrìjùzēng,grow with each passing day
宇宙,yǔzhòu,universe; cosmos
羽绒服,yǔróngfú,down jacket
玉,yù,jade (Kangxi radical 96)
预料,yùliào,anticipate; to forecast; expectation
预期,yùqī,expect; expected; anticipate
预算,yùsuàn,budget
预先,yùxiān,beforehand; prior
预言,yùyán,predict; prophecy
预兆,yùzhào,omen; sign
欲望,yùwàng,desire; lust
寓言,yùyán,fable
愈,yù,recover; heal; the more ... the more
冤枉,yuānwang,to wrong; injustice; not worthwhile
元首,yuánshǒu,head of state
元素,yuánsù,element; element of a set; chemical element
元宵节,Yuánxiāo Jié,the Lantern Festival
园林,yuánlín,gardens; park; landscape
原告,yuángào,plaintiff; complainant; accuser
原理,yuánlǐ,principle; theory
原始,yuánshǐ,first; original; primitive
原先,yuánxiān,former; original
圆满,yuánmǎn,satisfactory
缘故,yuángù,reason; cause
源泉,yuánquán,headspring; fountainhead; water source
约束,yuēshù,restrict; limit to; constrain; restriction
乐谱,yuèpǔ,sheet music
岳母,yuèmǔ,wife's mother; mother-in-law
孕育,yùnyù,be pregnant; to produce offspring; nurture (a development; school of thought; artwork; etc.)
运算,yùnsuàn,(mathematical) operation
运行,yùnxíng,movement; be in motion; run
酝酿,yùnniàng,mull over (an issue); hold a preliminary round of exploratory discussions
蕴藏,yùncáng,hold in store; contain untapped quantities
熨,yùn,iron; press
杂技,zájì,acrobatics
杂交,zájiāo,create a hybrid; cross-fertilize
砸,zá,to smash; to pound; to break; fail
咋,zǎ,how/why (contraction of 怎么)
灾难,zāinàn,disaster; catastrophe
栽培,zāipéi,grow; educate; cultivate
宰,zǎi,slaughter; butcher; govern; rule; imperial official in dynastic China
再接再厉,zàijiēzàilì,continue the struggle; persist; unremitting efforts
在意,zài yì,care about; mind; care
攒,zǎn,save; hoard
暂且,zànqiě,for the moment; for the time being; temporarily
赞叹,zàntàn,sigh or grasp in admiration; highly praise
赞助,zànzhù,support; sponsor
遭受,zāoshòu,suffer; suffering; be subjected to (something unfortunate)
遭殃,zāo yāng,to suffer a calamity; go through a disaster
遭遇,zāoyù,befall; suffer; encounter
糟蹋,zāotà,waste; ruin; wreck; spoil; slander
造型,zàoxíng,make a model; to mold
噪音,zàoyīn,uproar; rumble; noise; static
责怪,zéguài,blame; rebuke
贼,zéi,thief
增添,zēngtiān,add to; increase
赠送,zèngsòng,give as a present
扎,zhā,to prick; push a needle into; penetrating
扎实,zhāshi,strong; sturdy; practical
渣,zhā,dregs; slag
眨,zhǎ,wink; blink
诈骗,zhàpiàn,defraud; swindle; blackmail
摘要,zhāiyào,summary; abstract
债券,zhàiquàn,bond
沾光,zhān guāng,bask in the light; benefit from association with sth.; reflected glory
瞻仰,zhānyǎng,look at with reverence; admire
斩钉截铁,zhǎn dīng jié tiě,to chop the nail and slice the iron (idiom); resolute and decisive; definitely
展示,zhǎnshì,open up; reveal; to display
展望,zhǎnwàng,outlook; prospect; to look ahead; look forward to
展现,zhǎnxiàn,come out; emerge; express; show
崭新,zhǎnxīn,brand new
占据,zhànjù,occupy; hold; inhabit
占领,zhànlǐng,occupy (a territory); capture; seize
战斗,zhàndòu,to fight; to battle; to struggle
战略,zhànlüè,strategy
战术,zhànshù,(military) tactics
战役,zhànyì,military campaign; battle
章程,zhāngchéng,written rules; statute; regulations; charter of a corporation
帐篷,zhàngpeng,tent
障碍,zhàng'ài,barrier; obstacle
招标,zhāobiāo,to beckon; to invite bids
招收,zhāoshōu,recruit; take in; to hire
朝气蓬勃,zhāo qì péng bó,full of youthful energy (idiom); full of vigour and vitality; energetic; spirited; a bright spark
着迷,zháomí,to be fascinated
沼泽,zhǎozé,marsh; swamp; glade; wetlands
照样,zhàoyàng,as before; (same) as usual
照耀,zhàoyào,to shine; illuminate
折腾,zhēteng,toss from side to side (e.g. sleeplessly); do something over and over again; cause suffering; play crazy; screw around
遮挡,zhēdǎng,shelter from; keep out
折,zhé,to break; to fracture; convert into; to fold
折磨,zhémo,persecute; to torture
侦探,zhēntàn,detective
珍贵,zhēnguì,precious
珍稀,zhēnxī,rare; precious and uncommon
珍珠,zhēnzhū,pearl
真理,zhēnlǐ,truth
真相,zhēnxiàng,the actual facts; reality
真挚,zhēnzhì,sincere; sincerity; genuine
斟酌,zhēnzhuó,Consider; deliberate
枕头,zhěntou,pillow
阵地,zhèndì,position; battlefront
阵容,zhènróng,line-up; troop arrangement
振奋,zhènfèn,stir oneself up; raise one's spirits; inspire
振兴,zhènxīng,develop vigorously; promote; revive; revitalize; invigorate; re-energize
震撼,zhènhàn,to shake
震惊,zhènjīng,shock; astonish; amaze
镇定,zhèndìng,cool; calm; unperturbed
镇静,zhènjìng,calm; cool; tranquil
正月,zhēngyuè,the first month of the lunar calendar
争端,zhēngduān,dispute; controversy; conflict
争夺,zhēngduó,fight over
争气,zhēng qì,work hard for sth.; determined not to fall short
争先恐后,zhēng xiān kǒng hòu,striving to be first; compete with each other
争议,zhēngyì,controversy; dispute; contention
征服,zhēngfú,conquer; subdue
征收,zhēngshōu,levy (fine); impose (tariff)
挣扎,zhēngzhá,to struggle
蒸发,zhēngfā,evaporate; evaporation
整顿,zhěngdùn,organize; consolidate
正当,zhèng dāng,timely; just when; (dàng) proper
正负,zhèngfù,positive and negative; plus-minus
正规,zhèngguī,formal; regular; according to standards
正经,zhèngjing,decent; serious; standard; really
正气,zhèngqì,healthy environment; healthy atmosphere
正义,zhèngyì,justice; righteous
正宗,zhèngzōng,authentic; orthodox; old school
证实,zhèngshí,confirm; verify
证书,zhèngshū,certificate; credentials
郑重,zhèngzhòng,serious; solemn
政策,zhèngcè,policy
政权,zhèngquán,regime; political power; authority
症状,zhèngzhuàng,symptom (of an illness)
之际,zhījì,during; at the time of; the time when something happens
支撑,zhīchēng,support; prop up; crutch; brace
支出,zhīchū,spend; pay out; expense
支流,zhīliú,tributary; minor aspect; offshoot
支配,zhīpèi,to control
支援,zhīyuán,to support; assist; aid
支柱,zhīzhù,pillar; prop; mainstay; backbone
枝,zhī,branch; twig; (mw for sticks; rods; pencils)
知觉,zhījué,perception; consciousness; feeling
知足常乐,zhīzúchánglè,content with what one has
脂肪,zhīfáng,body fat
执行,zhíxíng,implementation; carry out; execute
执着,zhízhuó,to refuse to change one's viewpoint
直播,zhíbō,live broadcast (not recorded)
直径,zhíjìng,diameter
侄子,zhízi,nephew; brother's son or daughter
值班,zhí bān,be on duty; work a shift
职能,zhínéng,function; role
职位,zhíwèi,(professional) position
职务,zhíwù,post; a position; job; duties
殖民地,zhímíndì,colony
指标,zhǐbiāo,target; norm; index; indicator
指定,zhǐdìng,appoint; designate
指甲,zhǐjia,fingernail
指令,zhǐlìng,order; command; instruction
指南针,zhǐnánzhēn,compass
指示,zhǐshì,indicate; instruct; instructions
指望,zhǐwàng,hope for; count on; hope
指责,zhǐzé,to censure; criticize; find fault with
志气,zhìqì,ambition; resolve; backbone; drive; spirit
制裁,zhìcái,punish; (economic) sanctions
制服,zhìfú,uniform; to subdue; to bring under control
制约,zhìyuē,restrict; condition
制止,zhìzhǐ,to curb; to put a stop to
治安,zhì'ān,law and order; public security
治理,zhìlǐ,to bring under control; to govern; to manage
致辞,zhìcí,make/deliver a speech
致力,zhìlì,work for; devote one's efforts
致使,zhìshǐ,cause; result in
智力,zhìlì,intelligence; intellect
智能,zhìnéng,intelligent; capability; smart (phone; system; bomb; etc.)
智商,zhìshāng,IQ (intelligence quotient)
滞留,zhìliú,detain; retention
中断,zhōngduàn,interrupt; break off
中立,zhōnglì,neutral; neutrality
中央,zhōngyāng,central; middle; center
忠诚,zhōngchéng,honest; loyalty; devoted
忠实,zhōngshí,faithful; dependable
终点,zhōngdiǎn,the end; end point; destination; finish line (in a race)
终究,zhōngjiū,in the end; after all is said and done; eventually
终身,zhōngshēn,lifelong
终止,zhōngzhǐ,stop; cease; terminate (legal)
衷心,zhōngxīn,heartfelt; wholehearted; cordial
肿瘤,zhǒngliú,tumor; neoplasm
种子,zhǒngzi,seed
种族,zhǒngzú,race; ethnicity
众所周知,zhòng suǒ zhōu zhī,as everyone knows; (saying) as is known to everyone
种植,zhòngzhí,plant; grow; crop
重心,zhòngxīn,center of gravity; central core; main part
舟,zhōu,boat (Kangxi radical 137)
州,zhōu,province; sub-prefecture; (United States) state
周边,zhōubiān,surrounding
周密,zhōumì,meticulous; careful; thorough
周年,zhōunián,anniversary; annual
周期,zhōuqī,period; cycle; rhythm
周折,zhōuzhé,setback; twists and turns; problem; complication
周转,zhōuzhuǎn,turnover (in cash or personnel); have enough resources to cover a need
粥,zhōu,porridge; congee; gruel
昼夜,zhòuyè,day and night; continuously without stop
皱纹,zhòuwén,wrinkle; furrow
株,zhū,stem; root; trunk; (mw for plants)
诸位,zhūwèi,(pronoun) everyone; ladies and gentlemen
逐年,zhúnián,year after year; on an annual basis
主办,zhǔbàn,to host (a conference or sports event)
主导,zhǔdǎo,leading; dominant; guiding
主管,zhǔguǎn,person in charge of (a position; etc.); preside over; Chief Operating Officer (COO)
主流,zhǔliú,main stream (of a river); the essential point
主权,zhǔquán,sovereignty
主义,zhǔyì,-ism; ideology
拄,zhǔ,post; lean on a stick; prop
嘱咐,zhǔfù,enjoin; to tell; exhort
助理,zhùlǐ,assistant
助手,zhùshǒu,assistant; helper
住宅,zhùzhái,residence; tenement
注射,zhùshè,injection; inject (medicine)
注视,zhùshì,watch attentively; gaze at; stare
注释,zhùshì,annotate; annotation; note; make notes in the margin
注重,zhùzhòng,pay attention; emphasize; put stress on
驻扎,zhùzhā,to station; to garrison (troops)
著作,zhùzuò,work; book; writing
铸造,zhùzào,cast (pour metal into a mold)
拽,zhuài,drag; haul
专长,zhuāncháng,specialty; special knowledge or ability
专程,zhuānchéng,special-purpose trip
专利,zhuānlì,patent
专题,zhuāntí,special topic; questions; special matter or subject
砖,zhuān,brick
转达,zhuǎndá,pass on; convey; communicate
转让,zhuǎnràng,transfer (technology; good; etc.); make over
转移,zhuǎnyí,to shift; divert; migrate
转折,zhuǎnzhé,turning point; shift in the trend of events; plot twist in a book
传记,zhuànjì,biography
庄稼,zhuāngjia,farm crops
庄严,zhuāngyán,stately; dignified
庄重,zhuāngzhòng,grave; solemn; dignified
装备,zhuāngbèi,equipment; to equip; to outfit
装卸,zhuāngxiè,load and unload; to transfer
壮观,zhuàngguān,spectacular; grand (of buildings; monuments; scenery; etc.)
壮丽,zhuànglì,magnificence; splendid; majestic
壮烈,zhuàngliè,brave and honorable
幢,zhuàng,(mw for houses; buildings); tent
追悼,zhuīdào,mourning; memorial (service; etc.)
追究,zhuījiū,investigate; look into; find out
坠,zhuì,fall; drop
准则,zhǔnzé,principle; standard or norm; criterion
卓越,zhuóyuè,distinction; excellence; splendid
着手,zhuóshǒu,put one's hand to; commence
着想,zhuóxiǎng,give consideration to; consider (other people's) needs
着重,zhuózhòng,put emphasis on; to stress
琢磨,zuómo,ponder; (also zhuómó: to polish (gems or literary works))
姿态,zītài,attitude; posture; stance
资本,zīběn,(Economics) capital; asset
资产,zīchǎn,property; assets
资深,zīshēn,experienced; senior
资助,zīzhù,subsidy; provide financial aid
滋润,zīrùn,quenched; moist
滋味,zīwèi,taste; flavor; the way one feels
子弹,zǐdàn,bullet; cartridge
自卑,zìbēi,feel inferior; be self-abased
自发,zìfā,spontaneous; unprompted
自力更生,zì lì gēng shēng,(idiom) self reliance
自满,zìmǎn,complacent; self-satisfied
自主,zìzhǔ,independent; to act for oneself; autonomous
宗教,zōngjiào,religion
宗旨,zōngzhǐ,purpose; objective; aim; goal
棕色,zōngsè,brown (the color)
踪迹,zōngjì,tracks; trail; footprint; trace; vestige
总而言之,zǒngéryánzhī,in short; in a word
总和,zǒnghé,sum
纵横,zònghéng,able to move unhindered; length and breadth
走廊,zǒuláng,corridor; hallway
走漏,zǒulòu,leak (information; liquid; etc); divulge; reveal
走私,zǒu sī,smuggle; have an illicit affair
揍,zòu,(informal) beat; hit; (regional) smash; break
租赁,zūlìn,rent; lease
足以,zúyǐ,sufficient to ...; so much so that; sufficiently
阻碍,zǔ'ài,obstruct; hinder; impede
阻拦,zǔlán,to stop; obstruct; block off
阻挠,zǔnáo,thwart; to obstruct (something); stand in the way
祖父,zǔfù,paternal grandfather
祖国,zǔguó,homeland; motherland; fatherland
祖先,zǔxiān,ancestor; forbearer
钻研,zuānyán,study intensively; delve into
钻石,zuànshí,diamond
嘴唇,zuǐchún,lip
罪犯,zuìfàn,criminal
尊严,zūnyán,dignity; sanctity; honor
遵循,zūnxún,follow; abide by
作弊,zuòbì,practice fraud; cheat
作废,zuòfèi,cancellation; delete; to nullify; to expire and thus lose validity
作风,zuòfēng,work style; way
作息,zuòxī,work and rest
座右铭,zuòyòumíng,motto
做主,zuòzhǔ,decide; take the responsibility for a decision
